name,year,week,gender,rank,movement,points,competitions_played,competitor_id,competitor_name,competitor_country,competitor_abbreviation
ATP,2025,2,men,1,0,7260,22,sr:competitor:49363,"Pavic, Mate",Croatia,PAV
ATP,2025,2,men,1,0,7260,22,sr:competitor:51836,"Arevalo-Gonzalez, Marcelo",El Salvador,ARE
ATP,2025,2,men,3,0,6565,22,sr:competitor:87690,"Thompson, Jordan",Australia,THO
ATP,2025,2,men,4,0,6500,18,sr:competitor:15568,"Granollers, Marcel",Spain,GRA
ATP,2025,2,men,4,0,6500,18,sr:competitor:16160,"Zeballos, Horacio",Argentina,ZEB
ATP,2025,2,men,6,0,5930,24,sr:competitor:16608,"Mektic, Nikola",Croatia,MEK
ATP,2025,2,men,7,1,5840,23,sr:competitor:50954,"Koolhof, Wesley",Netherlands,KOO
ATP,2025,2,men,8,2,5785,21,sr:competitor:95801,"Vavassori, Andrea",Italy,VAV
ATP,2025,2,men,9,2,5740,19,sr:competitor:15310,"Bolelli, Simone",Italy,BOL
ATP,2025,2,men,10,-3,5730,19,sr:competitor:36593,"Krawietz, Kevin",Germany,KRA
ATP,2025,2,men,11,-2,5640,18,sr:competitor:52293,"Putz, Tim",Germany,PUT
ATP,2025,2,men,12,0,5640,20,sr:competitor:124658,"Purcell, Max",Australia,PUR
ATP,2025,2,men,13,0,5210,20,sr:competitor:16409,"Ebden, Matthew",Australia,EBD
ATP,2025,2,men,14,0,5165,31,sr:competitor:637970,"Patten, Henry",Great Britain,PAT
ATP,2025,2,men,15,0,5150,20,sr:competitor:15307,"Bopanna, Rohan",India,BRO
ATP,2025,2,men,16,0,5145,28,sr:competitor:14898,"Heliovaara, Harri",Finland,HEL
ATP,2025,2,men,17,0,3820,28,sr:competitor:16151,"Venus, Michael",New Zealand,VEN
ATP,2025,2,men,18,0,3670,27,sr:competitor:53785,"Skupski, Neal",Great Britain,SKU
ATP,2025,2,men,19,0,3320,34,sr:competitor:55989,"Withrow, Jackson",USA,WIT
ATP,2025,2,men,19,0,3320,34,sr:competitor:210736,"Lammons, Nathaniel",USA,LAM
ATP,2025,2,men,21,0,3285,24,sr:competitor:38181,"Molteni, Andres",Argentina,MOL
ATP,2025,2,men,22,0,3105,19,sr:competitor:15548,"Gonzalez, Maximo",Argentina,GON
ATP,2025,2,men,23,0,2940,35,sr:competitor:59131,"Glasspool, Lloyd",Great Britain,GLA
ATP,2025,2,men,24,0,2870,27,sr:competitor:52202,"Nys, Hugo",Monaco,NYS
ATP,2025,2,men,25,0,2780,25,sr:competitor:112805,"Zielinski, Jan",Poland,ZIE
ATP,2025,2,men,26,0,2760,25,sr:competitor:16275,"Dodig, Ivan",Croatia,DOD
ATP,2025,2,men,27,0,2710,27,sr:competitor:47834,"Murray, Jamie",Great Britain,MUR
ATP,2025,2,men,28,2,2695,23,sr:competitor:14553,"Ram, Rajeev",USA,RAM
ATP,2025,2,men,29,-1,2695,27,sr:competitor:106349,"Reboul, Fabien",France,REB
ATP,2025,2,men,30,-1,2595,26,sr:competitor:59324,"Pavlasek, Adam",Czechia,PAV
ATP,2025,2,men,31,6,2515,34,sr:competitor:108099,"Cash, Julian",Great Britain,CAS
ATP,2025,2,men,32,1,2470,20,sr:competitor:74173,"Salisbury, Joe",Great Britain,SAL
ATP,2025,2,men,33,1,2450,33,sr:competitor:206889,"Galloway, Robert",USA,GAL
ATP,2025,2,men,34,1,2445,30,sr:competitor:56629,"Peers, John",Australia,PEE
ATP,2025,2,men,35,-4,2440,27,sr:competitor:104917,"Vliegen, Joran",Belgium,VLI
ATP,2025,2,men,36,0,2425,27,sr:competitor:76263,"Matos, Rafael",Brazil,MAT
ATP,2025,2,men,37,-6,2350,27,sr:competitor:81059,"Gille, Sander",Belgium,GIL
ATP,2025,2,men,38,0,2335,32,sr:competitor:106559,"Doumbia, Sadio",France,DOU
ATP,2025,2,men,39,0,2295,26,sr:competitor:16124,"Melo, Marcelo",Brazil,MEL
ATP,2025,2,men,40,0,2280,25,sr:competitor:14835,"Roger-Vasselin, Edouard",France,ROG
ATP,2025,2,men,41,1,2152,29,sr:competitor:114831,"Erler, Alexander",Austria,ERL
ATP,2025,2,men,42,1,2115,23,sr:competitor:25189,"Krajicek, Austin",USA,KRA
ATP,2025,2,men,43,-2,2111,27,sr:competitor:45105,"Behar, Ariel",Uruguay,BEH
ATP,2025,2,men,44,0,1985,27,sr:competitor:47966,"Olivetti, Albano",France,OLI
ATP,2025,2,men,45,0,1980,30,sr:competitor:15305,"Gonzalez, Santiago",Mexico,GON
ATP,2025,2,men,46,1,1948,30,sr:competitor:78793,"Miedler, Lucas",Austria,MIE
ATP,2025,2,men,47,2,1860,34,sr:competitor:48646,"Barrientos, Nicolas",Colombia,BAR
ATP,2025,2,men,48,0,1850,26,sr:competitor:22967,"Bhambri, Yuki",India,BHA
ATP,2025,2,men,49,1,1825,11,sr:competitor:300540,"Machac, Tomas",Czechia,MAC
ATP,2025,2,men,50,1,1780,10,sr:competitor:75813,"Zhang, Zhizhen",China,ZHA
ATP,2025,2,men,51,-5,1770,32,sr:competitor:15588,"Rojer, Jean-Julien",Netherlands,ROJ
ATP,2025,2,men,52,5,1760,33,sr:competitor:66864,"Arends, Sander",Netherlands,ARE
ATP,2025,2,men,53,5,1738,33,sr:competitor:62410,"Johnson, Luke",Great Britain,JOH
ATP,2025,2,men,54,2,1645,35,sr:competitor:69362,"Mansouri, Skander",Tunisia,MAN
ATP,2025,2,men,55,-3,1606,34,sr:competitor:108755,"Jebens, Hendrik",Germany,JEB
ATP,2025,2,men,55,-3,1606,34,sr:competitor:231188,"Frantzen, Constantin",Germany,FRA
ATP,2025,2,men,57,-3,1600,30,sr:competitor:230186,"Verbeek, Sem",Netherlands,VER
ATP,2025,2,men,58,-3,1600,31,sr:competitor:47295,"Andreozzi, Guido",Argentina,AND
ATP,2025,2,men,59,1,1467,31,sr:competitor:49306,"Reyes-Varela, Miguel Angel",Mexico,REY
ATP,2025,2,men,60,-1,1466,26,sr:competitor:25457,"Nedovyesov, Aleksandr",Kazakhstan,NED
ATP,2025,2,men,61,1,1400,26,sr:competitor:16198,"Escobar, Gonzalo",Ecuador,ESC
ATP,2025,2,men,62,-1,1380,26,sr:competitor:104421,"Mies, Andreas",Germany,MIE
ATP,2025,2,men,63,0,1380,31,sr:competitor:81763,"Jacq, Gregoire",France,JAC
ATP,2025,2,men,64,0,1355,43,sr:competitor:231090,"Arribage, Theo",France,ARR
ATP,2025,2,men,65,0,1316,31,sr:competitor:52244,"Balaji, N. Sriram",India,BAL
ATP,2025,2,men,66,3,1301,24,sr:competitor:121182,"Guinard, Manuel",France,GUI
ATP,2025,2,men,67,1,1285,36,sr:competitor:111195,"Luz, Orlando",Brazil,LUZ
ATP,2025,2,men,68,-1,1270,10,sr:competitor:203681,"Korda, Sebastian",USA,KOR
ATP,2025,2,men,69,-3,1265,30,sr:competitor:70348,"Goransson, Andre",Sweden,GOR
ATP,2025,2,men,70,1,1250,30,sr:competitor:17038,"Smith, John-Patrick",Australia,SMI
ATP,2025,2,men,71,-1,1206,31,sr:competitor:16042,"Haase, Robin",Netherlands,HAA
ATP,2025,2,men,72,0,1182,34,sr:competitor:918463,"Bollipalli, Rithvik Choudary",India,BOL
ATP,2025,2,men,73,0,1160,29,sr:competitor:41475,"Arneodo, Romain",Monaco,ARN
ATP,2025,2,men,74,0,1157,32,sr:competitor:204781,"Nouza, Petr",Czechia,NOU
ATP,2025,2,men,75,0,1150,28,sr:competitor:152900,"Rikl, Patrik",Czechia,RIK
ATP,2025,2,men,76,0,1149,33,sr:competitor:127646,"Cabral, Francisco",Portugal,CAB
ATP,2025,2,men,77,6,1140,35,sr:competitor:287215,"Seggerman, Ryan",USA,SEG
ATP,2025,2,men,78,-1,1118,38,sr:competitor:23899,"King, Evan",USA,KIN
ATP,2025,2,men,79,-1,1108,37,sr:competitor:223868,"Matuszewski, Piotr",Poland,MAT
ATP,2025,2,men,80,-1,1097,31,sr:competitor:76361,"Kadhe, Arjun",India,KAD
ATP,2025,2,men,81,-1,1073,42,sr:competitor:112969,"Schnaitter, Jakob",Germany,SCH
ATP,2025,2,men,81,-1,1073,42,sr:competitor:936355,"Wallner, Mark",Germany,WAL
ATP,2025,2,men,83,-1,1070,29,sr:competitor:16043,"Middelkoop, Matwe",Netherlands,MID
ATP,2025,2,men,84,0,1031,35,sr:competitor:52065,"Harrison, Christian",USA,HAR
ATP,2025,2,men,85,0,1015,8,sr:competitor:47975,"Hanfmann, Yannick",Germany,HAN
ATP,2025,2,men,86,1,1005,12,sr:competitor:63438,"McDonald, Mackenzie",USA,MCD
ATP,2025,2,men,87,1,990,9,sr:competitor:129368,"Koepfer, Dominik",Germany,KOE
ATP,2025,2,men,88,-2,990,29,sr:competitor:52263,"Hidalgo, Diego",Ecuador,HID
ATP,2025,2,men,89,1,960,7,sr:competitor:57163,"Zverev, Alexander",Germany,ZVE
ATP,2025,2,men,90,1,958,34,sr:competitor:1020797,"Trhac, Patrik",USA,TRH
ATP,2025,2,men,91,1,949,36,sr:competitor:98413,"Drzewiecki, Karol",Poland,DRZ
ATP,2025,2,men,92,1,948,39,sr:competitor:77653,"Cornea, Victor Vlad",Romania,COR
ATP,2025,2,men,93,3,937,19,sr:competitor:299130,"Hijikata, Rinky",Australia,HIJ
ATP,2025,2,men,94,-5,937,36,sr:competitor:16992,"Willis, Marcus",Great Britain,WIL
ATP,2025,2,men,95,-1,922,37,sr:competitor:73572,"Zormann, Marcelo",Brazil,ZOR
ATP,2025,2,men,96,-1,915,9,sr:competitor:871495,"Michelsen, Alex",USA,MIC
ATP,2025,2,men,97,1,883,28,sr:competitor:60920,"Nedunchezhiyan, Jeevan",India,NED
ATP,2025,2,men,98,-1,883,37,sr:competitor:147104,"Romios, Matthew Christopher",Australia,ROM
ATP,2025,2,men,99,0,882,37,sr:competitor:16492,"Eysseric, Jonathan",France,EYS
ATP,2025,2,men,100,0,880,40,sr:competitor:16823,"Romboli, Fernando",Brazil,ROM
ATP,2025,2,men,101,1,871,34,sr:competitor:16854,"Molchanov, Denys",Ukraine,MOL
ATP,2025,2,men,102,-1,855,14,sr:competitor:808628,"Shelton, Ben",USA,SHE
ATP,2025,2,men,103,0,834,27,sr:competitor:113221,"Niklas-Salminen, Patrik",Finland,NIK
ATP,2025,2,men,104,1,811,30,sr:competitor:197678,"Tsitsipas, Petros",Greece,TSI
ATP,2025,2,men,105,1,811,38,sr:competitor:121032,"Stalder, Reese",USA,STA
ATP,2025,2,men,106,-2,805,23,sr:competitor:47760,"Weissborn, Tristan-Samuel",Austria,WEI
ATP,2025,2,men,107,1,762,33,sr:competitor:50037,"Bortolotti, Marco",Italy,BOR
ATP,2025,2,men,108,1,760,13,sr:competitor:102151,"Tabilo, Alejandro",Chile,TAB
ATP,2025,2,men,109,1,756,36,sr:competitor:145936,"Kaliyanda Poonacha, Niki",India,KAL
ATP,2025,2,men,110,1,754,29,sr:competitor:53759,"Prashanth, N. Vijay Sundar",India,PRA
ATP,2025,2,men,111,-4,752,36,sr:competitor:119150,"Fancutt, Thomas",Australia,FAN
ATP,2025,2,men,112,1,733,38,sr:competitor:77011,"Martos Gornes, Sergio",Spain,MAR
ATP,2025,2,men,113,1,732,19,sr:competitor:35766,"Begemann, Andre",Germany,BEG
ATP,2025,2,men,114,1,730,13,sr:competitor:14508,"Mahut, Nicolas",France,MAH
ATP,2025,2,men,115,-3,724,33,sr:competitor:234124,"Stevens, Bart",Netherlands,STE
ATP,2025,2,men,116,0,722,35,sr:competitor:209202,"Chandrasekar, Anirudh",India,CHA
ATP,2025,2,men,117,0,720,15,sr:competitor:163480,"Bublik, Alexander",Kazakhstan,BUB
ATP,2025,2,men,118,0,710,23,sr:competitor:305776,"Soto, Matias",Chile,SOT
ATP,2025,2,men,119,0,705,37,sr:competitor:157396,"Veldheer, Mick",Netherlands,VEL
ATP,2025,2,men,120,0,701,36,sr:competitor:37637,"Zeballos, Federico",Bolivia,ZEB
ATP,2025,2,men,120,0,701,36,sr:competitor:54609,"Arias, Boris",Bolivia,ARI
ATP,2025,2,men,122,2,689,36,sr:competitor:69910,"Bergevi, Filip",Sweden,BER
ATP,2025,2,men,123,2,684,37,sr:competitor:25458,"Martinez, Luis David",Venezuela,MAR
ATP,2025,2,men,124,-1,676,32,sr:competitor:42151,"Nam, Ji Sung",Republic of Korea,NAM
ATP,2025,2,men,125,17,675,9,sr:competitor:90080,"Khachanov, Karen",Neutral,KHA
ATP,2025,2,men,126,-4,669,26,sr:competitor:16573,"Demoliner, Marcelo",Brazil,DEM
ATP,2025,2,men,127,0,658,23,sr:competitor:234044,"Kirkov, Vasil",USA,KIR
ATP,2025,2,men,128,-2,654,31,sr:competitor:44637,"Rodriguez, Cristian",Colombia,ROC
ATP,2025,2,men,129,-1,650,2,sr:competitor:46391,"Struff, Jan-Lennard",Germany,STR
ATP,2025,2,men,130,-1,641,13,sr:competitor:134610,"Blumberg, William",USA,BLU
ATP,2025,2,men,131,-1,636,29,sr:competitor:296270,"Stevenson, David",Great Britain,STE
ATP,2025,2,men,132,-1,636,31,sr:competitor:111607,"Ingildsen, Johannes",Denmark,ING
ATP,2025,2,men,133,-1,619,23,sr:competitor:263917,"Draxl, Liam",Canada,DRA
ATP,2025,2,men,134,-1,613,23,sr:competitor:146040,"Gomez, Federico Agustin",Argentina,GOM
ATP,2025,2,men,135,-1,612,26,sr:competitor:58877,"Ramanathan, Ramkumar",India,RAM
ATP,2025,2,men,136,-1,602,20,sr:competitor:52951,"Pel, David",Netherlands,PEL
ATP,2025,2,men,137,-1,601,17,sr:competitor:405977,"Schoolkate, Tristan",Australia,SCH
ATP,2025,2,men,138,-1,600,19,sr:competitor:39712,"Saville, Luke",Australia,SAV
ATP,2025,2,men,139,-1,591,26,sr:competitor:243522,"Paul, Jakub",Switzerland,PAU
ATP,2025,2,men,140,-1,590,15,sr:competitor:122368,"Griekspoor, Tallon",Netherlands,GRI
ATP,2025,2,men,141,-1,590,16,sr:competitor:838776,"Tracy, James",USA,TRA
ATP,2025,2,men,142,-1,580,29,sr:competitor:78387,"Hach Verdugo, Hans",Mexico,HAC
ATP,2025,2,men,143,0,566,19,sr:competitor:15809,"Martin, Fabrice",France,MAR
ATP,2025,2,men,144,1,561,25,sr:competitor:119140,"Ellis, Blake",Australia,ELL
ATP,2025,2,men,145,7,552,24,sr:competitor:548169,"Yuzuki, Takeru",Japan,YUZ
ATP,2025,2,men,146,1,543,38,sr:competitor:256001,"Ho, Ray",Chinese Taipei,RAY
ATP,2025,2,men,147,1,539,37,sr:competitor:52260,"Vega, David",Spain,VEG
ATP,2025,2,men,148,1,537,32,sr:competitor:110707,"Pichler, David",Austria,PIC
ATP,2025,2,men,149,1,536,34,sr:competitor:113889,"Liutarevich, Ivan",Neutral,LIU
ATP,2025,2,men,150,1,531,10,sr:competitor:393598,"Cash, Robert",USA,CAS
ATP,2025,2,men,151,2,521,16,sr:competitor:342826,"Trotter, James Kent",Japan,TRO
ATP,2025,2,men,152,2,521,31,sr:competitor:92845,"Goldhoff, George",USA,GOL
ATP,2025,2,men,153,2,521,36,sr:competitor:98981,"Jecan, Mircea-Alexandru",Romania,JEC
ATP,2025,2,men,154,2,520,20,sr:competitor:216502,"Broom, Charles",Great Britain,BRO
ATP,2025,2,men,155,2,519,32,sr:competitor:96859,"Lock, Benjamin",Zimbabwe,LOC
ATP,2025,2,men,156,2,518,26,sr:competitor:195458,"Added, Dan",France,ADD
ATP,2025,2,men,157,2,516,19,sr:competitor:450383,"Harper, Cleeve",Canada,HAR
ATP,2025,2,men,158,5,514,34,sr:competitor:145008,"Uesugi, Kaito",Japan,UES
ATP,2025,2,men,159,1,509,36,sr:competitor:112061,"Walkow, Szymon",Poland,WAL
ATP,2025,2,men,160,-16,506,32,sr:competitor:95923,"Paris, Joshua",Great Britain,PAR
ATP,2025,2,men,161,27,497,31,sr:competitor:297502,"Bayldon, Blake",Australia,BAY
ATP,2025,2,men,162,-1,495,13,sr:competitor:122366,"Tsitsipas, Stefanos",Greece,TSI
ATP,2025,2,men,163,-17,492,32,sr:competitor:15275,"Matsui, Toshihide",Japan,MAT
ATP,2025,2,men,164,-2,487,27,sr:competitor:240880,"Hilderbrand, Trey",USA,HIL
ATP,2025,2,men,165,0,480,5,sr:competitor:136042,"Fritz, Taylor",USA,FRI
ATP,2025,2,men,166,4,479,25,sr:competitor:124708,"Cukierman, Daniel",Israel,CUK
ATP,2025,2,men,167,0,472,26,sr:competitor:218344,"Lawson, Alex",USA,LAW
ATP,2025,2,men,168,1,465,28,sr:competitor:204495,"Vocel, Matej",Czechia,VOC
ATP,2025,2,men,169,2,460,13,sr:competitor:43319,"Duran, Guillermo",Argentina,DUR
ATP,2025,2,men,170,2,456,31,sr:competitor:297448,"Kiger, Mac",USA,KIG
ATP,2025,2,men,171,2,454,34,sr:competitor:84301,"Reese, Hunter",USA,REE
ATP,2025,2,men,172,2,453,17,sr:competitor:250231,"Shimizu, Yuta",Japan,SHI
ATP,2025,2,men,173,6,450,29,sr:competitor:390480,"Watanabe, Seita",Japan,WAT
ATP,2025,2,men,174,1,449,27,sr:competitor:55745,"Negritu, Christoph",Germany,NEG
ATP,2025,2,men,175,1,443,12,sr:competitor:64920,"Myneni, Saketh",India,MYN
ATP,2025,2,men,176,2,429,27,sr:competitor:628218,"Karol, Milos",Slovakia,KAR
ATP,2025,2,men,177,-13,425,33,sr:competitor:50148,"Puttergill, Calum",Australia,PUT
ATP,2025,2,men,178,2,422,23,sr:competitor:72420,"Merino, Alexander",Peru,MER
ATP,2025,2,men,179,2,420,6,sr:competitor:359602,"Musetti, Lorenzo",Italy,MUS
ATP,2025,2,men,180,-12,415,22,sr:competitor:59700,"Isaro, Pruchya",Thailand,ISA
ATP,2025,2,men,181,6,414,21,sr:competitor:141882,"Blancaneaux, Geoffrey",France,BLA
ATP,2025,2,men,182,0,414,30,sr:competitor:58989,"Sabanov, Matej",Serbia,SAB
ATP,2025,2,men,183,0,414,32,sr:competitor:55293,"Sabanov, Ivan",Serbia,SAB
ATP,2025,2,men,184,0,408,33,sr:competitor:84671,"Britto, Luis",Brazil,BRI
ATP,2025,2,men,185,0,406,25,sr:competitor:380004,"Harper, Patrick",Australia,HAR
ATP,2025,2,men,186,18,405,8,sr:competitor:671637,"Fils, Arthur",France,FIL
ATP,2025,2,men,187,-1,402,14,sr:competitor:227358,"Walton, Adam",Australia,WAL
ATP,2025,2,men,188,2,390,4,sr:competitor:102339,"Van de Zandschulp, Botic",Netherlands,VAN
ATP,2025,2,men,189,2,387,31,sr:competitor:155860,"Lock, Courtney John",Zimbabwe,LOC
ATP,2025,2,men,190,2,384,21,sr:competitor:25021,"Cervantes Huegun, Inigo",Spain,CER
ATP,2025,2,men,191,2,382,23,sr:competitor:221556,"Alves, Mateus",Brazil,ALV
ATP,2025,2,men,192,2,380,7,sr:competitor:108767,"Hassan, Benjamin",Lebanon,HAS
ATP,2025,2,men,193,3,375,37,sr:competitor:422955,"Sanchez, Luca",France,SAN
ATP,2025,2,men,194,3,370,29,sr:competitor:106395,"Ricca, Giorgio",Italy,RIC
ATP,2025,2,men,195,3,369,28,sr:competitor:263865,"Reynolds, Finn",New Zealand,REY
ATP,2025,2,men,196,4,364,38,sr:competitor:96629,"Duncan, Scott",Great Britain,DUN
ATP,2025,2,men,197,-8,363,23,sr:competitor:82579,"Uchida, Kaichi",Japan,UCH
ATP,2025,2,men,198,3,362,27,sr:competitor:193930,"Sigouin, Benjamin",Canada,SIG
ATP,2025,2,men,199,3,361,13,sr:competitor:100069,"Sachko, Vitaliy",Ukraine,SAC
ATP,2025,2,men,200,3,360,8,sr:competitor:206879,"Eubanks, Christopher",USA,EUB
ATP,2025,2,men,201,51,360,8,sr:competitor:89632,"Jarry, Nicolas",Chile,JAR
ATP,2025,2,men,202,3,360,9,sr:competitor:257721,"Baez, Sebastian",Argentina,BAE
ATP,2025,2,men,203,3,360,17,sr:competitor:169496,"Etcheverry, Tomas Martin",Argentina,ETC
ATP,2025,2,men,204,-38,354,14,sr:competitor:530317,"Rincon, Daniel",Spain,RIN
ATP,2025,2,men,205,2,353,26,sr:competitor:163438,"Sun, Fajing",China,SUN
ATP,2025,2,men,206,42,352,13,sr:competitor:539343,"Kym, Jerome",Switzerland,KYM
ATP,2025,2,men,207,1,351,15,sr:competitor:284801,"Boyer, Tristan",USA,BOY
ATP,2025,2,men,208,22,351,23,sr:competitor:280601,"Oberleitner, Neil",Austria,OBE
ATP,2025,2,men,209,-10,347,10,sr:competitor:124930,"Safiullin, Roman",Neutral,SAF
ATP,2025,2,men,210,-1,342,21,sr:competitor:145108,"Bertola, Remy",Switzerland,BER
ATP,2025,2,men,211,-1,340,35,sr:competitor:880089,"Pereira, Tiago",Portugal,PER
ATP,2025,2,men,212,-1,339,15,sr:competitor:121122,"Freund, Simon",Sweden,FRE
ATP,2025,2,men,213,6,336,20,sr:competitor:99043,"Wang, Aoran",China,WAN
ATP,2025,2,men,214,0,336,30,sr:competitor:161448,"Jones, Ben",Great Britain,JON
ATP,2025,2,men,215,0,335,16,sr:competitor:168420,"Andrade, Andres",Ecuador,AND
ATP,2025,2,men,216,0,333,19,sr:competitor:17359,"Oswald, Philipp",Austria,OSW
ATP,2025,2,men,217,-22,331,10,sr:competitor:284805,"Nava, Emilio",USA,NAV
ATP,2025,2,men,218,-1,331,17,sr:competitor:534043,"Darderi, Luciano",Italy,DAR
ATP,2025,2,men,219,-1,329,24,sr:competitor:99377,"Kestelboim, Mariano",Argentina,KES
ATP,2025,2,men,220,0,327,15,sr:competitor:82133,"Dellien, Murkel",Bolivia,DEV
ATP,2025,2,men,221,-9,321,15,sr:competitor:295508,"Vrbensky, Michael",Czechia,VRB
ATP,2025,2,men,222,-1,318,22,sr:competitor:53483,"Masur, Daniel",Germany,MAS
ATP,2025,2,men,223,101,317,8,sr:competitor:448357,"Spizzirri, Eliot",USA,SPI
ATP,2025,2,men,224,-1,314,27,sr:competitor:48225,"Dutra Da Silva, Daniel",Brazil,DUT
ATP,2025,2,men,225,-1,310,5,sr:competitor:132834,"Barrios Vera, Marcelo Tomas",Chile,BAR
ATP,2025,2,men,226,-1,310,27,sr:competitor:289021,"Charlton, Joshua",Australia,CHA
ATP,2025,2,men,227,-14,308,29,sr:competitor:120956,"Alcantara, Francis Casey",Philippines,ALC
ATP,2025,2,men,228,-51,307,14,sr:competitor:428657,"Shelbayh, Abdullah",Jordan,SHE
ATP,2025,2,men,229,-3,305,29,sr:competitor:96535,"Virgili, Augusto",Italy,VIR
ATP,2025,2,men,230,-3,304,17,sr:competitor:396126,"Barnat, Jiri",Czechia,BAR
ATP,2025,2,men,231,-3,304,32,sr:competitor:163538,"Donski, Alexander",Bulgaria,DON
ATP,2025,2,men,232,-3,301,16,sr:competitor:55787,"Olivo, Renzo",Argentina,OLI
ATP,2025,2,men,233,-2,300,7,sr:competitor:145112,"Huesler, Marc-Andrea",Switzerland,HUE
ATP,2025,2,men,234,-2,300,24,sr:competitor:185434,"Rodriguez Taverna, Santiago",Argentina,ROD
ATP,2025,2,men,235,-2,299,34,sr:competitor:395828,"Saraiva Dos Santos, Paulo Andre",Brazil,SAR
ATP,2025,2,men,236,-1,296,18,sr:competitor:49548,"Manafov, Vladyslav",Ukraine,MAN
ATP,2025,2,men,237,-1,296,26,sr:competitor:85877,"Villanueva, Gonzalo",Argentina,VIL
ATP,2025,2,men,238,-1,295,7,sr:competitor:496346,"Stricker, Dominic",Switzerland,STR
ATP,2025,2,men,239,-1,295,19,sr:competitor:77223,"Martinez, Pedro",Spain,MAR
ATP,2025,2,men,240,-1,294,20,sr:competitor:161868,"Huertas Del Pino, Connor",Peru,HUE
ATP,2025,2,men,241,0,293,18,sr:competitor:303808,"Nijboer, Ryan",Netherlands,NIJ
ATP,2025,2,men,242,0,292,31,sr:competitor:348308,"Sheehy, Joshua",USA,SHE
ATP,2025,2,men,243,0,291,15,sr:competitor:49663,"Escoffier, Antoine",France,ESC
ATP,2025,2,men,244,1,286,16,sr:competitor:51974,"Daniell, Marcus",New Zealand,DAN
ATP,2025,2,men,245,1,286,25,sr:competitor:77501,"Wehnelt, Kai",Germany,WEH
ATP,2025,2,men,246,88,285,8,sr:competitor:106755,"Rublev, Andrey",Neutral,RUB
ATP,2025,2,men,247,0,282,30,sr:competitor:853643,"Romano, Filippo",Italy,ROM
ATP,2025,2,men,248,1,274,29,sr:competitor:79223,"Delaney, Jake",Australia,DEL
ATP,2025,2,men,249,-5,272,15,sr:competitor:99587,"Chung, Yun Seong",Republic of Korea,CHU
ATP,2025,2,men,250,0,270,4,sr:competitor:352776,"Draper, Jack",Great Britain,DRA
ATP,2025,2,men,251,0,270,6,sr:competitor:399637,"Cobolli, Flavio",Italy,COB
ATP,2025,2,men,252,1,270,10,sr:competitor:125006,"Borges, Nuno",Portugal,BOR
ATP,2025,2,men,253,-31,270,13,sr:competitor:255595,"Cerundolo, Francisco",Argentina,CER
ATP,2025,2,men,254,0,270,24,sr:competitor:552469,"Agafonov, Egor",Neutral,AGA
ATP,2025,2,men,255,2,269,26,sr:competitor:686709,"Simakin, Ilia",Neutral,SIM
ATP,2025,2,men,256,0,269,27,sr:competitor:161220,"Pavel, Bogdan",Romania,PAV
ATP,2025,2,men,257,1,269,29,sr:competitor:310972,"Banthia, Siddhant",India,BAN
ATP,2025,2,men,258,1,265,38,sr:competitor:379924,"Whiting, Tennyson",USA,WHI
ATP,2025,2,men,259,1,263,41,sr:competitor:51304,"Stevenson, Kelsey",Canada,STE
ATP,2025,2,men,260,1,260,7,sr:competitor:212004,"Rodionov, Jurij",Austria,ROD
ATP,2025,2,men,261,1,260,11,sr:competitor:40540,"Cacic, Nikola",Serbia,CAC
ATP,2025,2,men,262,-7,260,12,sr:competitor:682913,"Rocha, Henrique",Portugal,ROC
ATP,2025,2,men,263,0,258,9,sr:competitor:145122,"Martineau, Matteo",France,MAR
ATP,2025,2,men,264,0,257,11,sr:competitor:88992,"Muller, Alexandre",France,MUL
ATP,2025,2,men,265,0,256,9,sr:competitor:156664,"TE, Rigele",China,RIG
ATP,2025,2,men,266,98,256,13,sr:competitor:450283,"Mpetshi Perricard, Giovanni",France,MPE
ATP,2025,2,men,267,-1,256,24,sr:competitor:169492,"Aboian, Leonardo",Argentina,ABO
ATP,2025,2,men,268,0,252,32,sr:competitor:196672,"Davis, James",Great Britain,DAV
ATP,2025,2,men,269,45,252,33,sr:competitor:412829,"Matsuda, Ryuki",Japan,MAT
ATP,2025,2,men,270,-1,251,23,sr:competitor:398360,"Urrea, Andres",Colombia,URR
ATP,2025,2,men,271,75,250,4,sr:competitor:44553,"Herbert, Pierre-Hugues",France,HER
ATP,2025,2,men,272,-2,248,31,sr:competitor:154740,"Delaney, Jesse",Australia,DEL
ATP,2025,2,men,273,-2,247,21,sr:competitor:927343,"Cadenasso, Gianluca",Italy,CAD
ATP,2025,2,men,274,-2,247,27,sr:competitor:233144,"Duda, Filip",Czechia,DUD
ATP,2025,2,men,275,-2,245,5,sr:competitor:67154,"Barrere, Gregoire",France,BAR
ATP,2025,2,men,276,22,245,10,sr:competitor:392066,"Navone, Mariano",Argentina,NAV
ATP,2025,2,men,277,-3,244,31,sr:competitor:217192,"Ouakaa, Aziz",Tunisia,OUA
ATP,2025,2,men,278,-3,242,13,sr:competitor:130436,"Habib, Hady",Lebanon,HAB
ATP,2025,2,men,279,-3,242,23,sr:competitor:498580,"Aboian, Valerio",Argentina,ABO
ATP,2025,2,men,280,-3,241,8,sr:competitor:94485,"Bonzi, Benjamin",France,BON
ATP,2025,2,men,281,-3,241,19,sr:competitor:305558,"Roncadelli, Franco",Uruguay,RON
ATP,2025,2,men,282,-3,241,30,sr:competitor:322589,"Pujol Navarro, Bruno",Spain,PUJ
ATP,2025,2,men,283,-3,240,3,sr:competitor:167370,"Ruusuvuori, Emil",Finland,RUU
ATP,2025,2,men,284,-3,240,7,sr:competitor:104847,"Sonego, Lorenzo",Italy,SON
ATP,2025,2,men,285,-3,238,20,sr:competitor:759900,"Lanik, Tomas",Slovakia,LAN
ATP,2025,2,men,286,-3,236,17,sr:competitor:180104,"Reymond, Arthur",France,REY
ATP,2025,2,men,287,-3,235,32,sr:competitor:308834,"Schachter, Noah",USA,SCH
ATP,2025,2,men,288,-2,233,12,sr:competitor:49417,"Tu, Li",Australia,TUL
ATP,2025,2,men,289,-2,233,23,sr:competitor:170964,"Bittoun Kouzmine, Constantin",France,BIT
ATP,2025,2,men,290,-2,231,28,sr:competitor:154490,"Pearson, Kody",Australia,PEA
ATP,2025,2,men,291,0,229,12,sr:competitor:93597,"Pellegrino, Andrea",Italy,PEL
ATP,2025,2,men,292,-2,229,26,sr:competitor:154570,"Orlov, Vladyslav",Ukraine,ORL
ATP,2025,2,men,293,0,228,23,sr:competitor:723013,"Pokorny, Lukas",Slovakia,POK
ATP,2025,2,men,294,0,227,16,sr:competitor:38180,"Mena, Facundo",Argentina,MEN
ATP,2025,2,men,295,0,226,26,sr:competitor:121248,"Roveri Sidney, Gabriel",Brazil,ROV
ATP,2025,2,men,296,0,225,2,sr:competitor:57703,"Pouille, Lucas",France,POU
ATP,2025,2,men,297,0,225,7,sr:competitor:15931,"Brown, Dustin",Jamaica,BRO
ATP,2025,2,men,298,0,225,10,sr:competitor:51141,"Carballes Baena, Roberto",Spain,CAR
ATP,2025,2,men,299,2,223,17,sr:competitor:50360,"Margaroli, Luca",Switzerland,MAR
ATP,2025,2,men,300,2,223,26,sr:competitor:126402,"Denolly, Corentin",France,DEN
ATP,2025,2,men,301,2,223,27,sr:competitor:126622,Ruehl. Tim,Germany,RUE
ATP,2025,2,men,302,2,223,28,sr:competitor:645442,"Genov, Anthony",Bulgaria,GEN
ATP,2025,2,men,303,-36,222,26,sr:competitor:103625,"Geerts, Michael",Belgium,GEE
ATP,2025,2,men,304,-70,221,5,sr:competitor:603098,"Fery, Arthur",Great Britain,FER
ATP,2025,2,men,305,-13,220,15,sr:competitor:774476,"Debru, Gabriel",France,DEB
ATP,2025,2,men,306,-1,217,8,sr:competitor:226124,"Holmgren, August",Denmark,HOL
ATP,2025,2,men,307,45,217,15,sr:competitor:52276,"Krueger, Mitchell",USA,KRU
ATP,2025,2,men,308,-8,216,11,sr:competitor:682911,"Faria, Jaime",Portugal,FAR
ATP,2025,2,men,309,-3,216,14,sr:competitor:220588,"Hsu, Yu Hsiou",Chinese Taipei,HSU
ATP,2025,2,men,310,-2,214,16,sr:competitor:22962,"Jebavy, Roman",Czechia,JEB
ATP,2025,2,men,311,-2,214,17,sr:competitor:205767,"Cretu, Cezar (2001)",Romania,CRE
ATP,2025,2,men,312,99,214,17,sr:competitor:251091,"Noguchi, Rio",Japan,NOG
ATP,2025,2,men,313,-3,214,19,sr:competitor:645452,"Nesterov, Pyotr",Bulgaria,NES
ATP,2025,2,men,314,-7,212,34,sr:competitor:767058,"Lobanov, Aleksandr",Neutral,LOB
ATP,2025,2,men,315,-4,211,9,sr:competitor:113905,"Moreno de Alboran, Nicolas",USA,MAN
ATP,2025,2,men,316,-4,211,24,sr:competitor:731833,"Kielan, Szymon",Poland,KIE
ATP,2025,2,men,317,-4,207,17,sr:competitor:163540,"Hermans, Mats",Netherlands,HER
ATP,2025,2,men,318,-3,205,11,sr:competitor:126356,"Munar, Jaume",Spain,MUN
ATP,2025,2,men,319,-3,205,22,sr:competitor:312436,"Hudd, Emile",Great Britain,HUD
ATP,2025,2,men,320,-3,205,28,sr:competitor:452787,"Kumar, Pranav",USA,KUM
ATP,2025,2,men,321,-3,202,25,sr:competitor:437734,"Shin, Woobin",Republic of Korea,SHI
ATP,2025,2,men,322,0,201,34,sr:competitor:458575,"Agostini, Simone",Italy,AGO
ATP,2025,2,men,323,-4,201,38,sr:competitor:223788,"Stepanov, Roy",Israel,STE
ATP,2025,2,men,324,-4,198,20,sr:competitor:614090,"Pieczonka, Filip",Poland,PIE
ATP,2025,2,men,325,-40,198,26,sr:competitor:130442,"Rai, Ajeet",New Zealand,RAI
ATP,2025,2,men,326,-5,198,34,sr:competitor:124934,"Lomakin, Grigoriy",Kazakhstan,LOM
ATP,2025,2,men,327,-87,194,27,sr:competitor:17046,"Statham, Rubin",New Zealand,STA
ATP,2025,2,men,328,-5,193,24,sr:competitor:60614,"Poljak, David",Czechia,POL
ATP,2025,2,men,329,77,191,10,sr:competitor:132558,"Kolar, Zdenek",Czechia,KOL
ATP,2025,2,men,330,-5,189,27,sr:competitor:207777,"Imamura, Masamichi",Japan,IMA
ATP,2025,2,men,331,-5,187,13,sr:competitor:286367,"Krutykh, Oleksii",Ukraine,KRU
ATP,2025,2,men,332,-5,185,28,sr:competitor:681071,"Ganta, Sai Karteek Reddy",India,GAN
ATP,2025,2,men,333,-5,184,21,sr:competitor:118166,"Bakshi, Aleksandre",Georgia,BAK
ATP,2025,2,men,334,-5,184,22,sr:competitor:244388,"Kalyanpur, Adil",India,KAL
ATP,2025,2,men,335,-5,183,7,sr:competitor:121668,"Meligeni Alves, Felipe",Brazil,MEL
ATP,2025,2,men,336,-4,180,2,sr:competitor:429603,"Rune, Holger",Denmark,RUN
ATP,2025,2,men,337,-6,180,3,sr:competitor:163504,"Medvedev, Daniil",Neutral,MED
ATP,2025,2,men,338,-5,180,4,sr:competitor:225050,"Sinner, Jannik",Italy,SIN
ATP,2025,2,men,339,-4,180,9,sr:competitor:83397,"Ofner, Sebastian",Austria,OFN
ATP,2025,2,men,340,-51,180,23,sr:competitor:116616,"Clarke, Jay",Great Britain,CLA
ATP,2025,2,men,341,-5,180,32,sr:competitor:202735,"Carou, Ignacio",Uruguay,CAR
ATP,2025,2,men,342,-5,178,11,sr:competitor:655845,"Quinn, Ethan",USA,QUI
ATP,2025,2,men,343,-5,178,26,sr:competitor:381022,"Wendelken, Harry",Great Britain,WEN
ATP,2025,2,men,344,-5,177,10,sr:competitor:671229,"Winter, Edward",Australia,WIN
ATP,2025,2,men,345,-5,177,14,sr:competitor:263857,"De Krom, Michiel",Netherlands,DE
ATP,2025,2,men,346,-5,177,21,sr:competitor:138712,"Oradini, Giovanni",Italy,ORA
ATP,2025,2,men,347,-5,177,22,sr:competitor:193912,"Dev, S D Prajwal",India,DEV
ATP,2025,2,men,348,-5,177,26,sr:competitor:407791,"Mackinlay, James",Great Britain,MAC
ATP,2025,2,men,349,-5,176,18,sr:competitor:65576,"Sakamoto, Pedro",Brazil,SAK
ATP,2025,2,men,350,-5,176,21,sr:competitor:855911,"Hrazdil, Jan",Czechia,HRA
ATP,2025,2,men,351,-4,175,4,sr:competitor:90798,"Halys, Quentin",France,HAL
ATP,2025,2,men,352,-4,175,7,sr:competitor:58369,"Bolt, Alex",Australia,BOL
ATP,2025,2,men,353,-4,175,19,sr:competitor:111609,"Barroso Campos, Alberto",Spain,BAR
ATP,2025,2,men,354,-4,173,10,sr:competitor:679701,"Gueymard Wayenburg, Sascha",France,GUE
ATP,2025,2,men,355,-4,173,27,sr:competitor:220590,"Huang, Tsung-Hao",Chinese Taipei,HUA
ATP,2025,2,men,356,1,173,27,sr:competitor:280559,"Catini, Niccolo",Italy,CAT
ATP,2025,2,men,357,-4,172,14,sr:competitor:505542,"Grevelius, Erik",Sweden,GRE
ATP,2025,2,men,358,-4,172,20,sr:competitor:51100,"Roca Batalla, Oriol",Spain,ROC
ATP,2025,2,men,359,-4,172,22,sr:competitor:54903,"Karlovskiy, Evgeny",Neutral,KAR
ATP,2025,2,men,360,-4,171,5,sr:competitor:309954,"Droguet, Titouan",France,DRO
ATP,2025,2,men,361,174,171,19,sr:competitor:750283,"Isomura, Kokoro",Japan,ISO
ATP,2025,2,men,362,-4,171,34,sr:competitor:16852,"Uzhylovskyi, Volodoymyr",Ukraine,UZV
ATP,2025,2,men,363,-3,170,27,sr:competitor:739643,"Loof, Thijmen",Netherlands,LOO
ATP,2025,2,men,364,-3,169,8,sr:competitor:947875,"Zhou, Yi",China,ZHO
ATP,2025,2,men,365,-3,169,18,sr:competitor:437794,"Heinonen, Adam",Sweden,HEI
ATP,2025,2,men,366,-3,169,22,sr:competitor:452691,"Araujo, Pedro",Portugal,ARA
ATP,2025,2,men,367,-1,163,15,sr:competitor:240264,"Reis Da Silva, Joao Lucas",Brazil,REI
ATP,2025,2,men,368,-1,162,21,sr:competitor:497320,"Visker, Niels",Netherlands,VIS
ATP,2025,2,men,369,-1,162,22,sr:competitor:385204,"Verbin, Pavel",Neutral,VER
ATP,2025,2,men,370,-1,161,14,sr:competitor:214824,"Aguilar, Juan Carlos",Canada,AGU
ATP,2025,2,men,371,-1,161,21,sr:competitor:215696,"Schell, Niklas",Germany,SCH
ATP,2025,2,men,372,-1,159,20,sr:competitor:973963,"Watt, James",New Zealand,WAT
ATP,2025,2,men,373,-1,159,20,sr:competitor:194668,"Wenger, Damien",Switzerland,WEN
ATP,2025,2,men,374,-1,159,22,sr:competitor:95939,"Whitehouse, Mark",Great Britain,WHI
ATP,2025,2,men,375,-1,158,9,sr:competitor:79227,"Sinclair, Colin",Northern Mariana Islands,SIN
ATP,2025,2,men,376,-1,158,14,sr:competitor:43761,"Collarini, Andrea",Argentina,COL
ATP,2025,2,men,377,98,158,18,sr:competitor:976405,"Taguchi, Ryotaro",Japan,TAG
ATP,2025,2,men,378,-2,158,25,sr:competitor:182086,"Bass, Finn",Great Britain,BAS
ATP,2025,2,men,379,-2,157,11,sr:competitor:378220,"Huertas Del Pino Cordova, Arklon",Peru,HUE
ATP,2025,2,men,380,-2,156,20,sr:competitor:215492,"Cui, Jie",China,CUI
ATP,2025,2,men,381,-2,155,19,sr:competitor:620338,"Sharipov, Marat",Neutral,SHA
ATP,2025,2,men,382,-2,154,20,sr:competitor:48281,"Rungkat, Christopher",Indonesia,RUN
ATP,2025,2,men,383,-2,152,8,sr:competitor:240876,"Crawford, Oliver",Great Britain,CRA
ATP,2025,2,men,384,-2,152,30,sr:competitor:156826,"van Wyk, Kris",South Africa,VAN
ATP,2025,2,men,385,-2,151,7,sr:competitor:57021,"Kovalik, Jozef",Slovakia,KOV
ATP,2025,2,men,386,-2,151,18,sr:competitor:298118,"Summers, Matthew",Great Britain,SUM
ATP,2025,2,men,387,-2,151,23,sr:competitor:64790,"Kalovelonis, Markos",Greece,KAL
ATP,2025,2,men,388,-2,151,33,sr:competitor:208123,"Maginley, Jody",Antigua and Barbuda,MAG
ATP,2025,2,men,389,0,150,1,sr:competitor:763108,"Mensik, Jakub",Czechia,MEN
ATP,2025,2,men,390,0,150,4,sr:competitor:339377,"Lehecka, Jiri",Czechia,LEH
ATP,2025,2,men,391,-4,150,5,sr:competitor:294300,"Nakashima, Brandon",USA,NAK
ATP,2025,2,men,392,-33,150,6,sr:competitor:185388,"Humbert, Ugo",France,HUM
ATP,2025,2,men,393,-5,150,22,sr:competitor:287543,"Hulme, Matt",Australia,HUL
ATP,2025,2,men,394,-5,149,19,sr:competitor:785974,"La Serna, Juan Manuel",Argentina,LA
ATP,2025,2,men,395,-4,148,25,sr:competitor:272245,"Latinovic, Stefan",Serbia,LAT
ATP,2025,2,men,396,-3,147,13,sr:competitor:205773,"Sanchez Jover, Carlos",Spain,SAN
ATP,2025,2,men,397,-3,147,22,sr:competitor:435758,"Vanshelboim, Eric",Ukraine,VAN
ATP,2025,2,men,398,-3,147,27,sr:competitor:229024,"Zahraj, Patrick",Germany,ZAH
ATP,2025,2,men,399,-3,146,17,sr:competitor:93589,"Kellovsky, Dominik",Czechia,KEL
ATP,2025,2,men,400,44,145,8,sr:competitor:63606,"Rinderknech, Arthur",France,RIN
ATP,2025,2,men,401,-4,145,11,sr:competitor:65606,"Agamenone, Franco",Italy,AGA
ATP,2025,2,men,402,-4,145,15,sr:competitor:644676,"Milev, Yanaki",Bulgaria,MIL
ATP,2025,2,men,403,-4,145,19,sr:competitor:138528,"Mejia, Nicolas",Colombia,MEJ
ATP,2025,2,men,404,-4,145,22,sr:competitor:76251,"Bobrov, Bogdan",Neutral,BOB
ATP,2025,2,men,405,-3,144,14,sr:competitor:359608,"Maestrelli, Francesco",Italy,MAE
ATP,2025,2,men,406,-3,144,15,sr:competitor:16781,"Sharan, Divij",India,SHA
ATP,2025,2,men,407,-42,143,10,sr:competitor:321667,"Mayot, Harold",France,MAY
ATP,2025,2,men,408,-4,143,15,sr:competitor:50901,"Popko, Dmitry",Kazakhstan,POP
ATP,2025,2,men,409,-4,141,6,sr:competitor:307112,"Erel, Yanki",Turkiye,ERE
ATP,2025,2,men,410,-3,141,18,sr:competitor:439474,"Jermar, Jan",Czechia,JER
ATP,2025,2,men,411,-3,141,19,sr:competitor:873679,"Bondioli, Federico",Italy,BON
ATP,2025,2,men,412,-3,140,4,sr:competitor:405969,"Paulson, Andrew",Czechia,PAU
ATP,2025,2,men,413,-3,139,11,sr:competitor:63642,"Kwiatkowski, Thai-Son",USA,KWI
ATP,2025,2,men,414,-2,139,18,sr:competitor:833418,"Del Pino, Mateo",Argentina,DEL
ATP,2025,2,men,415,-2,139,23,sr:competitor:57759,"Oliveira, Gonzalo",Venezuela,OLI
ATP,2025,2,men,416,22,138,14,sr:competitor:564952,"Kusuhara, Yusuke",Japan,KUS
ATP,2025,2,men,417,-3,136,14,sr:competitor:215778,"Izquierdo Luque, Rafael",Spain,IZQ
ATP,2025,2,men,418,-3,136,21,sr:competitor:202681,"Marrero Curbelo, Ivan",Spain,MAR
ATP,2025,2,men,419,-3,136,26,sr:competitor:119126,"Taylor, Adam (1991)",Australia,TAY
ATP,2025,2,men,420,-3,135,1,sr:competitor:163636,"Klein, Lukas",Slovakia,KLE
ATP,2025,2,men,421,142,135,2,sr:competitor:39726,"Kubler, Jason",Australia,KUB
ATP,2025,2,men,422,-4,135,7,sr:competitor:119248,"Ruud, Casper",Norway,RUU
ATP,2025,2,men,423,-3,135,10,sr:competitor:54573,"Coria, Federico",Argentina,COR
ATP,2025,2,men,423,-3,135,10,sr:competitor:161262,"Seyboth Wild, Thiago",Brazil,SEY
ATP,2025,2,men,425,-3,135,12,sr:competitor:144102,"Weis, Alexander",Italy,WEI
ATP,2025,2,men,426,-25,135,13,sr:competitor:345060,"Kingsley, Cannon",USA,KIN
ATP,2025,2,men,427,-4,135,20,sr:competitor:951223,"Sanchez Quilez, Alejo",Spain,SAN
ATP,2025,2,men,428,-4,135,26,sr:competitor:65992,"Paz, Juan Pablo",Argentina,PAZ
ATP,2025,2,men,429,-4,134,13,sr:competitor:242556,"McHugh, Aidan",Great Britain,MCH
ATP,2025,2,men,430,-4,134,20,sr:competitor:524256,"Beckley, Alec",South Africa,BEC
ATP,2025,2,men,431,-4,133,5,sr:competitor:565070,"Monday, Johannus",Great Britain,MON
ATP,2025,2,men,432,-4,133,30,sr:competitor:418163,"Perfetti, Noah",Italy,PER
ATP,2025,2,men,433,-4,131,12,sr:competitor:210502,"Kopp, Sandro",Austria,KOP
ATP,2025,2,men,434,-4,131,21,sr:competitor:96239,"Durasovic, Viktor",Norway,DUR
ATP,2025,2,men,435,-4,129,11,sr:competitor:210592,"Ribeiro, Eduardo",Brazil,RIB
ATP,2025,2,men,436,-4,129,17,sr:competitor:54975,"Casanova, Hernan",Argentina,CAS
ATP,2025,2,men,437,-4,128,9,sr:competitor:177686,"Barranco Cosano, Javier",Spain,BAR
ATP,2025,2,men,438,-4,128,16,sr:competitor:186629,"Kirkin, Ergi",Turkiye,KIR
ATP,2025,2,men,439,-4,128,17,sr:competitor:199196,"Sanchez Izquierdo, Nikolas",Spain,SAI
ATP,2025,2,men,440,-4,128,18,sr:competitor:282183,"Rottoli, Lorenzo",Italy,ROT
ATP,2025,2,men,441,-49,127,7,sr:competitor:104967,"Brouwer, Gijs",Netherlands,BRO
ATP,2025,2,men,442,-5,127,12,sr:competitor:58783,"Song, Min-Kyu",Republic of Korea,SON
ATP,2025,2,men,443,-4,126,5,sr:competitor:213170,"Blanchet, Ugo",France,BLA
ATP,2025,2,men,444,-4,126,15,sr:competitor:15743,"Istomin, Denis",Uzbekistan,IST
ATP,2025,2,men,445,-3,126,16,sr:competitor:180446,"Wessels, Louis",Germany,WES
ATP,2025,2,men,446,-3,126,22,sr:competitor:301896,"Ovcharenko, Oleksandr",Ukraine,OVC
ATP,2025,2,men,447,-2,125,11,sr:competitor:60592,"Lee, Jeamoon",Republic of Korea,LEE
ATP,2025,2,men,448,-2,125,12,sr:competitor:111837,"Harris, Billy",Great Britain,HAR
ATP,2025,2,men,449,-2,125,22,sr:competitor:152898,"Gengel, Marek",Czechia,GEN
ATP,2025,2,men,450,-2,124,11,sr:competitor:373348,"Pucinelli de Almeida, Matheus",Brazil,PDA
ATP,2025,2,men,451,-2,124,14,sr:competitor:114885,"Nikles, Johan",Switzerland,NIK
ATP,2025,2,men,452,-2,124,15,sr:competitor:252233,"Tang, Sheng",China,TAN
ATP,2025,2,men,453,-2,124,21,sr:competitor:137890,"Vale, Duarte",Portugal,VAL
ATP,2025,2,men,454,-2,123,19,sr:competitor:978579,"Ghazouani Durand, Yanis",France,GHA
ATP,2025,2,men,455,-2,122,4,sr:competitor:71280,"Kokkinakis, Thanasi",Australia,KOK
ATP,2025,2,men,456,-2,121,10,sr:competitor:287541,"Sweeny, Dane",Australia,SWE
ATP,2025,2,men,457,-2,121,16,sr:competitor:684577,"Muller, Rik",Netherlands,MUL
ATP,2025,2,men,458,-2,121,18,sr:competitor:283759,"Chidekh, Clement",France,CHI
ATP,2025,2,men,459,-2,120,10,sr:competitor:938667,"Schwaerzler, Joel",Austria,SCH
ATP,2025,2,men,460,-2,120,20,sr:competitor:165234,"Vasa, Eero",Finland,VAS
ATP,2025,2,men,461,-2,119,16,sr:competitor:447733,"Hands, Tom",Great Britain,HAN
ATP,2025,2,men,462,-2,119,19,sr:competitor:256375,"Jeong, Yeongseok",Republic of Korea,JEO
ATP,2025,2,men,463,-2,118,9,sr:competitor:387066,"Forejtek, Jonas",Czechia,FOR
ATP,2025,2,men,464,-2,118,12,sr:competitor:570833,"Rodriguez Rodriguez, Johan Alexander",Colombia,ROD
ATP,2025,2,men,465,-2,118,21,sr:competitor:501410,"Hignett, Liam",Great Britain,HIG
ATP,2025,2,men,466,-2,118,28,sr:competitor:246745,"Tajima, Naoki",Japan,TAJ
ATP,2025,2,men,467,-2,118,51,sr:competitor:759758,"Sakellaridis, Dimitris",Greece,SAK
ATP,2025,2,men,468,-2,117,12,sr:competitor:56361,"Sels, Jelle",Netherlands,SEL
ATP,2025,2,men,469,-2,117,12,sr:competitor:130438,"Ponwith, Nathan",USA,PON
ATP,2025,2,men,470,-29,117,15,sr:competitor:57327,"Domingues, Joao",Portugal,DOM
ATP,2025,2,men,471,0,117,25,sr:competitor:100317,"Turker, Mert Naci",Turkiye,TUR
ATP,2025,2,men,472,0,117,29,sr:competitor:404753,"Saritas, Gokberk",Turkiye,SAR
ATP,2025,2,men,473,-5,116,15,sr:competitor:269523,"Bax, Florent",France,BAX
ATP,2025,2,men,474,-5,115,2,sr:competitor:997473,"Bernet, Henry",Switzerland,BER
ATP,2025,2,men,475,-5,115,13,sr:competitor:107625,"Janvier, Maxime",France,JAN
ATP,2025,2,men,476,-3,113,13,sr:competitor:686911,"Poljicak, Mili",Croatia,POL
ATP,2025,2,men,477,-3,113,17,sr:competitor:217038,"Seeman, Johannes",Estonia,SEE
ATP,2025,2,men,478,-2,113,26,sr:competitor:322729,"Bueno Gil, Alvaro",Spain,BUE
ATP,2025,2,men,479,-2,112,15,sr:competitor:220932,"Shin, Sanhui",Republic of Korea,SHI
ATP,2025,2,men,480,-2,112,17,sr:competitor:403357,"Thayne, Wally",USA,THA
ATP,2025,2,men,481,-2,112,18,sr:competitor:418167,"Garcian, Axel",France,GAR
ATP,2025,2,men,482,21,112,18,sr:competitor:92667,"Castelnuovo, Luca",Switzerland,CAS
ATP,2025,2,men,483,-3,111,3,sr:competitor:120926,"Libietis, Mikelis",Latvia,LIB
ATP,2025,2,men,484,-3,111,14,sr:competitor:101157,"Rybakov, Alex",USA,RYB
ATP,2025,2,men,485,-3,111,17,sr:competitor:990785,"Zheng, Zhan",China,ZHE
ATP,2025,2,men,486,-3,111,21,sr:competitor:327067,"Beloborodko, Illya",Ukraine,BI
ATP,2025,2,men,487,-68,110,7,sr:competitor:62488,"Harris, Andrew",Australia,HAR
ATP,2025,2,men,488,81,110,8,sr:competitor:124656,"Vukic, Aleksandar",Australia,VUK
ATP,2025,2,men,489,-4,110,12,sr:competitor:112987,"Handel, Tim",Germany,HAN
ATP,2025,2,men,490,-4,109,14,sr:competitor:269535,"Potenza, Luca",Italy,POT
ATP,2025,2,men,491,-4,109,16,sr:competitor:161874,"Corwin, Felix",USA,COR
ATP,2025,2,men,492,-4,109,20,sr:competitor:867575,"Massard, Loann",France,MAS
ATP,2025,2,men,493,-4,108,22,sr:competitor:181384,"Sinha, Nitin Kumar",India,SIN
ATP,2025,2,men,494,-4,107,8,sr:competitor:113859,"Bellier, Antoine",Switzerland,BEL
ATP,2025,2,men,495,-4,107,14,sr:competitor:268725,"Ramskogler, Gregor",Austria,RAM
ATP,2025,2,men,496,-4,107,15,sr:competitor:609146,"Okonkwo, Oliver",Great Britain,OKO
ATP,2025,2,men,497,-4,107,20,sr:competitor:120958,"Bertran, Peter",Dominican Republic,BER
ATP,2025,2,men,498,-4,106,8,sr:competitor:373852,"Zink, Tyler",USA,ZIN
ATP,2025,2,men,499,-3,106,11,sr:competitor:801374,"Gea, Arthur",France,GEA
ATP,2025,2,men,500,-3,106,16,sr:competitor:294248,"Hellum Lilleengen, Lukas",Norway,HEL
WTA,2025,2,women,1,0,9530,17,sr:competitor:72376,"Siniakova, Katerina",Czechia,SIN
WTA,2025,2,women,2,0,8165,23,sr:competitor:74949,"Routliffe, Erin",New Zealand,ROU
WTA,2025,2,women,3,0,6805,17,sr:competitor:43860,"Dabrowski, Gabriela",Canada,DAB
WTA,2025,2,women,4,1,6108,15,sr:competitor:51387,"Townsend, Taylor",USA,TOW
WTA,2025,2,women,5,-1,5785,20,sr:competitor:41520,"Kichenok, Lyudmyla",Ukraine,KIC
WTA,2025,2,women,6,1,5506,17,sr:competitor:18936,"Hsieh, Su-Wei",Chinese Taipei,HSI
WTA,2025,2,women,7,-1,5458,15,sr:competitor:64496,"Ostapenko, Jelena",Latvia,OST
WTA,2025,2,women,8,0,5430,16,sr:competitor:78551,"Mertens, Elise",Belgium,MER
WTA,2025,2,women,9,0,5306,18,sr:competitor:19202,"Errani, Sara",Italy,ERR
WTA,2025,2,women,10,0,5235,17,sr:competitor:69208,"Paolini, Jasmine",Italy,PAO
WTA,2025,2,women,11,0,4858,23,sr:competitor:64021,"Krawczyk, Desirae",USA,KRA
WTA,2025,2,women,12,0,4670,27,sr:competitor:46084,"Melichar-Martinez, Nicole",USA,MEL
WTA,2025,2,women,13,0,4560,27,sr:competitor:119670,"Perez, Ellen",Australia,PER
WTA,2025,2,women,14,0,4483,18,sr:competitor:123824,"Dolehide, Caroline",USA,DOL
WTA,2025,2,women,15,0,4348,23,sr:competitor:19932,"Muhammad, Asia",USA,MUH
WTA,2025,2,women,16,0,4250,26,sr:competitor:48625,"Chan, Hao-Ching",Chinese Taipei,CHA
WTA,2025,2,women,17,0,4120,19,sr:competitor:66968,"Kudermetova, Veronika",Neutral,KUD
WTA,2025,2,women,18,0,3881,30,sr:competitor:47810,"Khromacheva, Irina",Neutral,KHR
WTA,2025,2,women,19,0,3683,23,sr:competitor:18354,"Mattek-Sands, Bethanie",USA,MAT
WTA,2025,2,women,20,1,3680,15,sr:competitor:37508,"Siegemund, Laura",Germany,SIE
WTA,2025,2,women,21,-1,3613,24,sr:competitor:99131,"Bucsa, Cristina",Spain,BUC
WTA,2025,2,women,22,1,3565,17,sr:competitor:91960,"Kenin, Sofia",USA,KEN
WTA,2025,2,women,23,-1,3526,32,sr:competitor:69718,"Danilina, Anna",Kazakhstan,DAN
WTA,2025,2,women,24,0,3526,21,sr:competitor:50537,"Schuurs, Demi",Netherlands,SCH
WTA,2025,2,women,25,0,3521,7,sr:competitor:373352,"Gauff, Coco",USA,GAU
WTA,2025,2,women,26,0,3210,14,sr:competitor:33593,"Mladenovic, Kristina",France,MLA
WTA,2025,2,women,27,0,3142,28,sr:competitor:19607,"Zhang, Shuai",China,ZHA
WTA,2025,2,women,28,0,3025,17,sr:competitor:96075,"Stefani, Luisa",Brazil,STE
WTA,2025,2,women,29,0,2727,11,sr:competitor:60398,"Krejcikova, Barbora",Czechia,KRE
WTA,2025,2,women,30,1,2635,5,sr:competitor:45835,"Hunter, Storm",Australia,HUN
WTA,2025,2,women,31,-1,2528,29,sr:competitor:24431,"Panova, Alexandra",Neutral,PAN
WTA,2025,2,women,32,0,2486,13,sr:competitor:289507,"Fernandez, Leylah Annie",Canada,FER
WTA,2025,2,women,33,0,2346,29,sr:competitor:166124,"Olmos, Giuliana",Mexico,OLM
WTA,2025,2,women,34,0,2346,23,sr:competitor:19655,"Niculescu, Monica",Romania,NIC
WTA,2025,2,women,35,0,2340,28,sr:competitor:51481,"Sutjiadi, Aldila",Indonesia,SUT
WTA,2025,2,women,36,0,2314,26,sr:competitor:153652,"Guo, Hanyu",China,GUO
WTA,2025,2,women,37,13,2231,14,sr:competitor:588071,"Shnaider, Diana",Neutral,SHN
WTA,2025,2,women,38,-1,2213,30,sr:competitor:66432,"Kato, Miyu",Japan,KAT
WTA,2025,2,women,39,-1,2209,28,sr:competitor:47801,"Eikeri, Ulrikke",Norway,EIK
WTA,2025,2,women,40,-1,2172,26,sr:competitor:129714,"Nicholls, Olivia",Great Britain,NIC
WTA,2025,2,women,41,5,2127,26,sr:competitor:150122,"Jiang, Xinyu",China,JIA
WTA,2025,2,women,42,-1,2080,29,sr:competitor:142996,"Mihalikova, Tereza",Slovakia,MIH
WTA,2025,2,women,43,1,2052,33,sr:competitor:70784,"Hozumi, Eri",Japan,HOZ
WTA,2025,2,women,44,-4,2052,26,sr:competitor:49682,"Kichenok, Nadiia",Ukraine,KIC
WTA,2025,2,women,45,2,2038,30,sr:competitor:43547,"Aoyama, Shuko",Japan,AOY
WTA,2025,2,women,46,-4,2033,14,sr:competitor:138452,"Shibahara, Ena",Japan,SHI
WTA,2025,2,women,47,-4,2031,29,sr:competitor:19974,"Xu, Yifan",China,YIF
WTA,2025,2,women,48,-3,1936,11,sr:competitor:60392,"Sorribes Tormo, Sara",Spain,SOR
WTA,2025,2,women,49,3,1916,35,sr:competitor:182178,"Wu, Fang-Hsien",Chinese Taipei,FAN
WTA,2025,2,women,50,-2,1857,9,sr:competitor:44834,"Pegula, Jessica",USA,PEG
WTA,2025,2,women,51,17,1829,11,sr:competitor:871583,"Andreeva, Mirra",Neutral,AND
WTA,2025,2,women,52,-3,1728,17,sr:competitor:105463,"Bouzkova, Marie",Czechia,BOU
WTA,2025,2,women,53,-2,1726,33,sr:competitor:60668,"Ninomiya, Makoto",Japan,NIN
WTA,2025,2,women,54,-1,1677,17,sr:competitor:272217,"Wang, Xinyu",China,WAN
WTA,2025,2,women,55,0,1646,11,sr:competitor:59702,"Haddad Maia, Beatriz",Brazil,HAD
WTA,2025,2,women,56,2,1633,21,sr:competitor:43102,"Babos, Timea",Hungary,BAB
WTA,2025,2,women,57,-3,1602,30,sr:competitor:61606,"Sizikova, Yana",Neutral,SIZ
WTA,2025,2,women,58,-2,1504,10,sr:competitor:103901,"Ruse, Elena-Gabriela",Romania,RUS
WTA,2025,2,women,59,-2,1485,12,sr:competitor:128584,"Samsonova, Liudmila",Neutral,SAM
WTA,2025,2,women,60,5,1453,18,sr:competitor:41524,"Krunic, Aleksandra",Serbia,KA
WTA,2025,2,women,61,-1,1401,6,sr:competitor:278887,"Kostyuk, Marta",Ukraine,KOS
WTA,2025,2,women,62,-3,1398,15,sr:competitor:67759,"Alexandrova, Ekaterina",Neutral,ALE
WTA,2025,2,women,63,-2,1382,15,sr:competitor:53789,"Dart, Harriet",Great Britain,DAR
WTA,2025,2,women,64,-2,1364,28,sr:competitor:19731,"Piter, Katarzyna",Poland,PIT
WTA,2025,2,women,65,6,1363,19,sr:competitor:157672,"Stollar, Fanny",Hungary,STO
WTA,2025,2,women,66,-3,1351,15,sr:competitor:23158,"Stephens, Sloane",USA,STE
WTA,2025,2,women,67,-3,1350,12,sr:competitor:401055,"Noskova, Linda",Czechia,NOS
WTA,2025,2,women,68,-1,1329,14,sr:competitor:135854,"Neel, Ingrid",Estonia,NEE
WTA,2025,2,women,69,0,1312,11,sr:competitor:47697,"Zheng, Saisai",China,ZHE
WTA,2025,2,women,70,2,1297,32,sr:competitor:37504,"Kalashnikova, Oksana",Georgia,KAL
WTA,2025,2,women,71,2,1244,14,sr:competitor:41877,"Yuan, Yue",China,YUA
WTA,2025,2,women,72,2,1243,31,sr:competitor:52695,"Moratelli, Angelica",Italy,MOR
WTA,2025,2,women,73,3,1230,6,sr:competitor:42339,"Garcia, Caroline",France,GAR
WTA,2025,2,women,74,-4,1209,13,sr:competitor:549759,"Krueger, Ashlyn",USA,KRU
WTA,2025,2,women,75,0,1137,14,sr:competitor:42289,"Linette, Magda",Poland,LIN
WTA,2025,2,women,76,2,1102,18,sr:competitor:256547,"Parks, Alycia",USA,PAR
WTA,2025,2,women,77,0,1064,31,sr:competitor:215476,"Siskova, Anna",Czechia,SIS
WTA,2025,2,women,78,2,1064,28,sr:competitor:194106,"Tang, Qianhui",China,TAN
WTA,2025,2,women,79,2,1061,33,sr:competitor:69602,"Lumsden, Maia",Great Britain,LUM
WTA,2025,2,women,80,2,1059,12,sr:competitor:252223,"Rakhimova, Kamilla",Neutral,RAK
WTA,2025,2,women,81,2,1044,12,sr:competitor:52025,"Wang, Yafan",China,WAN
WTA,2025,2,women,82,10,1035,30,sr:competitor:44977,"Santamaria, Sabrina",USA,SAN
WTA,2025,2,women,83,1,1027,31,sr:competitor:71754,"Gamarra Martins, Ingrid",Brazil,GAM
WTA,2025,2,women,84,-18,1017,14,sr:competitor:41404,"Watson, Heather",Great Britain,WAT
WTA,2025,2,women,85,2,1010,18,sr:competitor:150574,"Bondar, Anna",Hungary,BON
WTA,2025,2,women,86,-1,992,10,sr:competitor:18298,"Zvonareva, Vera",Neutral,ZVO
WTA,2025,2,women,87,-1,975,26,sr:competitor:73542,"Gleason, Quinn",USA,GLE
WTA,2025,2,women,88,-9,970,14,sr:competitor:234150,"Potapova, Anastasia",Neutral,POT
WTA,2025,2,women,89,-1,961,16,sr:competitor:42492,"Kawa, Katarzyna",Poland,KAW
WTA,2025,2,women,90,-1,954,27,sr:competitor:48451,"Cavalle-Reimers, Yvonne",Spain,CAV
WTA,2025,2,women,91,-1,939,32,sr:competitor:54175,"Zimmermann, Kimberley",Belgium,ZIM
WTA,2025,2,women,92,1,919,31,sr:competitor:182054,"Skoch, Miriam",Czechia,SKO
WTA,2025,2,women,93,1,888,33,sr:competitor:168526,"Appleton, Emily",Great Britain,APP
WTA,2025,2,women,94,-3,879,14,sr:competitor:262759,"Wang, Xiyu",China,WAN
WTA,2025,2,women,95,0,849,27,sr:competitor:173748,"Detiuc, Anastasia",Czechia,DET
WTA,2025,2,women,96,44,845,6,sr:competitor:179146,"Kalinskaya, Anna",Neutral,KAL
WTA,2025,2,women,97,-1,832,31,sr:competitor:49907,"Murray Sharan, Samantha",Great Britain,MUS
WTA,2025,2,women,98,-1,819,31,sr:competitor:51651,"Rosatello, Camilla",Italy,ROS
WTA,2025,2,women,99,-1,807,17,sr:competitor:92879,"Shymanovich, Iryna",Neutral,SHY
WTA,2025,2,women,100,-1,800,3,sr:competitor:228418,"Navarro, Emma",USA,NAV
WTA,2025,2,women,101,-1,780,5,sr:competitor:19546,"Pavlyuchenkova, Anastasia",Neutral,PAV
WTA,2025,2,women,102,0,776,8,sr:competitor:88310,"Sherif Ahmed Abdelaziz, Maiar",Egypt,SHE
WTA,2025,2,women,103,0,776,9,sr:competitor:90664,"Kalinina, Anhelina",Ukraine,KAL
WTA,2025,2,women,104,-3,776,12,sr:competitor:192130,"Blinkova, Anna",Neutral,BLI
WTA,2025,2,women,105,-1,775,10,sr:competitor:286435,"Gadecki, Olivia",Australia,GAD
WTA,2025,2,women,106,-1,774,29,sr:competitor:45827,"Lechemia, Elixane",France,LEC
WTA,2025,2,women,107,-1,772,22,sr:competitor:227486,"Zantedeschi, Aurora",Italy,ZAN
WTA,2025,2,women,108,-1,770,35,sr:competitor:121760,"Anshba, Amina",Neutral,ANS
WTA,2025,2,women,109,-1,768,5,sr:competitor:45902,"Sasnovich, Aliaksandra",Neutral,SAS
WTA,2025,2,women,110,-1,758,19,sr:competitor:210558,"Jorge, Francisca",Portugal,JOR
WTA,2025,2,women,111,-1,755,8,sr:competitor:45545,"Putintseva, Yulia",Kazakhstan,PUT
WTA,2025,2,women,112,-1,736,31,sr:competitor:51943,"Strakhova, Valeriya",Ukraine,STR
WTA,2025,2,women,113,0,721,17,sr:competitor:335171,"Uchijima, Moyuka",Japan,UCH
WTA,2025,2,women,114,0,698,27,sr:competitor:53288,"Silva, Eden",Great Britain,SIL
WTA,2025,2,women,115,1,697,22,sr:competitor:161270,"Salden, Lara",Belgium,SAL
WTA,2025,2,women,116,-1,696,9,sr:competitor:360038,"Stearns, Peyton",USA,STE
WTA,2025,2,women,117,0,696,18,sr:competitor:453301,"Jorge, Matilde",Portugal,JOR
WTA,2025,2,women,118,0,694,26,sr:competitor:378340,"Corley, Carmen",USA,COR
WTA,2025,2,women,119,1,684,23,sr:competitor:67430,"Cascino, Estelle",France,CAS
WTA,2025,2,women,120,1,677,34,sr:competitor:418583,"Haverlag, Isabelle",Netherlands,HAV
WTA,2025,2,women,121,1,672,8,sr:competitor:318195,"Parry, Diane",France,PAR
WTA,2025,2,women,122,1,672,24,sr:competitor:19847,"Rus, Arantxa",Netherlands,RUS
WTA,2025,2,women,123,-11,672,18,sr:competitor:52489,"Schoofs, Bibiane",Netherlands,SCH
WTA,2025,2,women,124,1,661,22,sr:competitor:118096,"Papadakis, Lena",Germany,PAP
WTA,2025,2,women,125,-6,659,14,sr:competitor:72450,"Hibino, Nao",Japan,HIB
WTA,2025,2,women,126,5,656,25,sr:competitor:50915,"Plipuech, Peangtarn",Thailand,PLI
WTA,2025,2,women,127,-1,646,13,sr:competitor:235260,"Chwalinska, Maja",Poland,CHW
WTA,2025,2,women,128,-1,646,20,sr:competitor:215598,"Vedder, Eva",Netherlands,VED
WTA,2025,2,women,129,-1,645,31,sr:competitor:143140,"Aney, Jessie",USA,ANE
WTA,2025,2,women,130,-1,634,33,sr:competitor:628178,"Brooks, Madeleine",Great Britain,BRO
WTA,2025,2,women,131,-1,632,18,sr:competitor:303814,"Tikhonova, Anastasia",Neutral,TIK
WTA,2025,2,women,132,1,616,6,sr:competitor:373354,"Cocciaretto, Elisabetta",Italy,COC
WTA,2025,2,women,133,4,613,18,sr:competitor:867519,"Tsao, Chia Yi",Chinese Taipei,TSA
WTA,2025,2,women,134,0,603,19,sr:competitor:473609,"Kubka, Martyna",Poland,KUB
WTA,2025,2,women,135,0,602,24,sr:competitor:256447,"Monnet, Carole",France,MON
WTA,2025,2,women,136,0,600,14,sr:competitor:771430,"Naef, Celine",Switzerland,NAE
WTA,2025,2,women,137,-13,591,20,sr:competitor:369524,"Erjavec, Veronika",Slovenia,ERJ
WTA,2025,2,women,138,0,583,26,sr:competitor:87090,"Chong, Eudice","Hong Kong, China",CHO
WTA,2025,2,women,139,0,582,27,sr:competitor:98607,"Chang, Sophie",USA,CHA
WTA,2025,2,women,140,32,581,16,sr:competitor:147506,"Fourlis, Jaimee",Australia,FOU
WTA,2025,2,women,141,-9,569,10,sr:competitor:64085,"Pigossi, Laura",Brazil,PIG
WTA,2025,2,women,142,-1,565,13,sr:competitor:297588,"Romero Gormaz, Leyre",Spain,ROM
WTA,2025,2,women,143,0,553,20,sr:competitor:226306,"Corley, Ivana",USA,COR
WTA,2025,2,women,144,0,553,31,sr:competitor:448121,"Rogers, Anna",USA,ROG
WTA,2025,2,women,145,34,552,5,sr:competitor:133662,"Badosa, Paula",Spain,BAD
WTA,2025,2,women,146,-1,552,27,sr:competitor:61526,"Thombare, Prarthana",India,THO
WTA,2025,2,women,147,-1,548,9,sr:competitor:345070,"Arseneault, Ariana",Canada,ARS
WTA,2025,2,women,148,-1,541,14,sr:competitor:319455,"Baptiste, Hailey",USA,BAP
WTA,2025,2,women,149,-1,541,17,sr:competitor:108621,"Kempen, Magali",Belgium,KEM
WTA,2025,2,women,150,-1,540,31,sr:competitor:91916,"Grey, Sarah Beth",Great Britain,GRE
WTA,2025,2,women,151,0,534,26,sr:competitor:46428,"Maleckova, Jesika",Czechia,MAL
WTA,2025,2,women,152,0,532,21,sr:competitor:799304,"Pridankina, Elena",Neutral,PRI
WTA,2025,2,women,153,0,531,5,sr:competitor:152804,"Vondrousova, Marketa",Czechia,VON
WTA,2025,2,women,154,0,523,12,sr:competitor:227390,"Brancaccio, Nuria",Italy,BRA
WTA,2025,2,women,155,0,520,23,sr:competitor:208125,"Liang, En-Shuo",Chinese Taipei,LIA
WTA,2025,2,women,156,-6,518,27,sr:competitor:189384,"Kulambayeva, Zhibek",Kazakhstan,KUL
WTA,2025,2,women,157,-1,517,16,sr:competitor:71284,"Bains, Naiktha",Great Britain,BAI
WTA,2025,2,women,158,-1,517,34,sr:competitor:46528,"Perrin, Conny",Switzerland,PER
WTA,2025,2,women,159,1,506,25,sr:competitor:92877,"Fossa Huergo, Nicole",Italy,FOS
WTA,2025,2,women,160,1,505,16,sr:competitor:111189,"Zarazua, Renata",Mexico,ZAR
WTA,2025,2,women,161,1,500,23,sr:competitor:235252,"Kozyreva, Maria",Neutral,KOZ
WTA,2025,2,women,162,1,495,24,sr:competitor:170880,"Kononova, Maria",Neutral,KON
WTA,2025,2,women,163,19,489,29,sr:competitor:143146,"Smith, Alana",USA,SMI
WTA,2025,2,women,164,1,487,26,sr:competitor:260987,"Osuigwe, Whitney",USA,OSU
WTA,2025,2,women,165,1,481,18,sr:competitor:190882,"Aiava, Destanee",Australia,AIA
WTA,2025,2,women,166,1,478,19,sr:competitor:82609,"Grammatikopoulou, Valentini",Greece,GRA
WTA,2025,2,women,167,2,475,22,sr:competitor:137932,"Mikulskyte, Justina",Lithuania,MIK
WTA,2025,2,women,168,-4,474,46,sr:competitor:325837,"Sakellaridi, Sapfo",Greece,SAK
WTA,2025,2,women,169,1,472,24,sr:competitor:102637,"McAdoo, Rasheeda",USA,MCA
WTA,2025,2,women,170,55,468,26,sr:competitor:99429,"Hule, Petra",Australia,HUL
WTA,2025,2,women,171,0,467,29,sr:competitor:65610,"Wagner, Anita",Bosnia & Herzegovina,WAG
WTA,2025,2,women,172,-13,463,21,sr:competitor:568715,"Semenistaja, Darja",Latvia,SEM
WTA,2025,2,women,173,0,463,26,sr:competitor:215806,"Hewitt, Dalayna",USA,HEW
WTA,2025,2,women,174,0,460,33,sr:competitor:88494,"Christie, Freya",Great Britain,CHR
WTA,2025,2,women,175,0,456,20,sr:competitor:119216,"Herrero Linana, Alicia",Spain,HER
WTA,2025,2,women,176,-34,455,4,sr:competitor:67757,"Pera, Bernarda",USA,PER
WTA,2025,2,women,177,33,452,12,sr:competitor:120666,"Stojanovic, Nina",Serbia,STO
WTA,2025,2,women,178,-2,452,24,sr:competitor:195408,"Shimizu, Ayano",Japan,SHI
WTA,2025,2,women,179,-2,451,5,sr:competitor:569013,"Fernandez, Bianca Jolie",Canada,FER
WTA,2025,2,women,180,-2,450,36,sr:competitor:41359,"Yashina, Ekaterina",Neutral,YAS
WTA,2025,2,women,181,342,442,14,sr:competitor:87834,"Hon, Priscilla",Australia,HON
WTA,2025,2,women,182,-2,442,25,sr:competitor:245673,"Feng, Shuo",China,FEN
WTA,2025,2,women,183,-2,437,29,sr:competitor:805538,"Cross, Kayla",Canada,CRO
WTA,2025,2,women,184,22,431,13,sr:competitor:26120,"Marino, Rebecca",Canada,MAR
WTA,2025,2,women,185,-2,430,19,sr:competitor:250285,"Falkowska, Weronika",Poland,FAL
WTA,2025,2,women,186,-2,429,26,sr:competitor:310984,"Sato, Naho",Japan,SAT
WTA,2025,2,women,187,20,426,9,sr:competitor:110299,"Zidansek, Tamara",Slovenia,ZID
WTA,2025,2,women,188,-3,422,7,sr:competitor:608348,"Kupres, Mia",Canada,KUP
WTA,2025,2,women,189,-3,422,20,sr:competitor:206995,"Rosca, Christina",USA,ROS
WTA,2025,2,women,190,-2,420,22,sr:competitor:119410,"Krywoj, Melany Solange",Argentina,KRY
WTA,2025,2,women,191,-2,419,18,sr:competitor:52533,"Jakupovic, Dalila",Slovenia,JAK
WTA,2025,2,women,192,-2,404,12,sr:competitor:448081,"Noha Akugue, Noma",Germany,NOH
WTA,2025,2,women,193,-2,403,11,sr:competitor:160190,"Hartono, Arianne",Netherlands,HAR
WTA,2025,2,women,194,-2,403,21,sr:competitor:45139,"Papamichail, Despina",Greece,PAP
WTA,2025,2,women,195,-8,401,12,sr:competitor:49118,"Harrison, Catherine",USA,HAR
WTA,2025,2,women,196,5,401,20,sr:competitor:119874,"Ibbou, Ines",Algeria,IBB
WTA,2025,2,women,197,-4,399,13,sr:competitor:52183,"Bara, Irina Maria",Romania,BARA
WTA,2025,2,women,198,28,399,11,sr:competitor:662615,"Salkova, Dominika",Czechia,SAL
WTA,2025,2,women,199,-5,399,27,sr:competitor:97031,"Christofi, Eleni",Greece,CHR
WTA,2025,2,women,200,-5,396,11,sr:competitor:789688,"Ngounoue, Clervie",USA,NGO
WTA,2025,2,women,201,-5,396,24,sr:competitor:64315,"Kuwata, Hiroko",Japan,KUW
WTA,2025,2,women,202,-5,396,19,sr:competitor:73500,"Loeb, Jamie",USA,LOE
WTA,2025,2,women,203,-5,394,18,sr:competitor:183957,"Kobori, Momoko",Japan,KOB
WTA,2025,2,women,204,-5,393,27,sr:competitor:244216,"Giavara, Haley",USA,GIA
WTA,2025,2,women,205,-5,392,24,sr:competitor:378144,"Karatancheva, Lia",Bulgaria,KAR
WTA,2025,2,women,206,3,388,20,sr:competitor:93657,"Karamoko, Naima",Switzerland,KAR
WTA,2025,2,women,207,20,387,18,sr:competitor:156040,"Cho, I-Hsuan",Chinese Taipei,CHO
WTA,2025,2,women,207,20,387,18,sr:competitor:210670,"Cho, Yi Tsen",Chinese Taipei,CHO
WTA,2025,2,women,209,-7,385,12,sr:competitor:105099,"Birrell, Kimberly",Australia,BIR
WTA,2025,2,women,210,-7,384,21,sr:competitor:676251,"Wuerth, Tara",Croatia,WUR
WTA,2025,2,women,211,-7,382,34,sr:competitor:59762,"Barnett, Alicia",Great Britain,BAR
WTA,2025,2,women,212,-7,381,8,sr:competitor:242630,"Osorio, Camila",Colombia,OSO
WTA,2025,2,women,213,4,375,31,sr:competitor:80427,"Osborne, Alexandra",Australia,OSB
WTA,2025,2,women,214,-6,375,17,sr:competitor:70728,"Bhosale, Rutuja",India,BHO
WTA,2025,2,women,215,-4,369,21,sr:competitor:137990,"Failla, Jessica",USA,FAI
WTA,2025,2,women,216,-4,368,5,sr:competitor:72758,"Cristian, Jaqueline Adina",Romania,CRI
WTA,2025,2,women,217,-4,367,21,sr:competitor:414533,"Abbagnato, Anastasia",Italy,ABB
WTA,2025,2,women,218,-4,367,15,sr:competitor:416473,"Reyngold, Ekaterina",Neutral,REY
WTA,2025,2,women,219,-4,365,5,sr:competitor:192108,"Yastremska, Dayana",Ukraine,YAS
WTA,2025,2,women,220,-4,365,7,sr:competitor:99405,"Inglis, Maddison",Australia,ING
WTA,2025,2,women,221,-3,361,20,sr:competitor:203893,"Kucmova, Aneta",Czechia,KUC
WTA,2025,2,women,222,-3,360,13,sr:competitor:762762,"Seidel, Ella",Germany,SEI
WTA,2025,2,women,223,-3,357,28,sr:competitor:46625,"Raina, Ankita",India,RAI
WTA,2025,2,women,224,-1,352,19,sr:competitor:505998,"Zamarripa, Maribella",USA,ZAM
WTA,2025,2,women,225,-1,351,21,sr:competitor:904005,"Ibragimova, Alevtina",Neutral,IBR
WTA,2025,2,women,226,4,347,22,sr:competitor:499098,"Ito, Aoi",Japan,ITO
WTA,2025,2,women,227,4,346,22,sr:competitor:148276,"Zheng, Wushuang",China,ZHE
WTA,2025,2,women,228,4,343,6,sr:competitor:45584,"Zhu, Lin",China,ZHU
WTA,2025,2,women,229,18,342,7,sr:competitor:675189,"Preston, Taylah",Australia,PRE
WTA,2025,2,women,230,37,342,18,sr:competitor:23688,"Moore, Tara",Great Britain,MOO
WTA,2025,2,women,231,4,338,19,sr:competitor:385206,"Radisic, Nika",Slovenia,RAD
WTA,2025,2,women,232,-10,333,14,sr:competitor:43527,"Kumkhum, Luksika",Thailand,KUM
WTA,2025,2,women,233,4,332,19,sr:competitor:776340,"Joint, Maya",Australia,JOI
WTA,2025,2,women,234,19,330,21,sr:competitor:79443,"Cabrera, Lizette",Australia,CAB
WTA,2025,2,women,235,4,329,9,sr:competitor:141892,"Carle, Maria",Argentina,CAR
WTA,2025,2,women,236,5,326,19,sr:competitor:763112,"Struplova, Julie",Czechia,STR
WTA,2025,2,women,237,108,325,4,sr:competitor:55401,"Jabeur, Ons",Tunisia,JAB
WTA,2025,2,women,238,11,320,20,sr:competitor:283489,"Imamura, Saki",Japan,IMA
WTA,2025,2,women,239,4,318,21,sr:competitor:282597,"Park, Sohyun",Republic of Korea,PAR
WTA,2025,2,women,240,4,318,17,sr:competitor:192572,"Portillo Ramirez, Maria Jose",Mexico,POR
WTA,2025,2,women,241,4,317,25,sr:competitor:181062,"Kung, Leonie",Switzerland,KUN
WTA,2025,2,women,242,4,317,19,sr:competitor:222546,"Kuzmova, Katarina",Slovakia,KUZ
WTA,2025,2,women,243,-9,316,22,sr:competitor:136372,"Parnaby, Alana",Australia,PAR
WTA,2025,2,women,244,4,315,27,sr:competitor:59213,"Perez Garcia, Maria Paulina",Colombia,PER
WTA,2025,2,women,245,5,314,16,sr:competitor:868599,"McDonald, Ella",Great Britain,MCD
WTA,2025,2,women,246,5,314,21,sr:competitor:353358,"Tran, Lian",Netherlands,TRA
WTA,2025,2,women,247,5,314,25,sr:competitor:731441,"Vargova, Nina",Slovakia,VAR
WTA,2025,2,women,248,6,309,17,sr:competitor:448613,"Falkner, Ziva",Slovenia,FAL
WTA,2025,2,women,249,6,308,22,sr:competitor:60028,"Zeballos Melgar, Noelia",Bolivia,ZEM
WTA,2025,2,women,250,7,303,21,sr:competitor:801396,"Gureva, Anastasiia",Neutral,GUR
WTA,2025,2,women,251,-11,301,5,sr:competitor:50655,"Friedsam, Anna-Lena",Germany,FRI
WTA,2025,2,women,252,6,301,34,sr:competitor:47985,"Marcinkevica, Diana",Latvia,MAR
WTA,2025,2,women,253,6,299,10,sr:competitor:341216,"Charaeva, Alina",Neutral,CHA
WTA,2025,2,women,254,75,297,13,sr:competitor:194690,"Mateas, Maria",USA,MAT
WTA,2025,2,women,255,-13,297,5,sr:competitor:172590,"Burrage, Jodie Anna",Great Britain,BUR
WTA,2025,2,women,256,4,297,33,sr:competitor:233478,"Bayerlova, Michaela",Czechia,BAY
WTA,2025,2,women,257,4,294,4,sr:competitor:23082,"Rodionova, Arina",Australia,ROD
WTA,2025,2,women,258,4,294,19,sr:competitor:152106,"Zaar, Lisa",Sweden,ZAA
WTA,2025,2,women,259,9,293,20,sr:competitor:265553,"Naito, Yuki",Japan,NAI
WTA,2025,2,women,260,3,292,24,sr:competitor:807358,"Rakotomanga Rajaonah, Tiantsoa Sarah",France,RAK
WTA,2025,2,women,261,3,292,22,sr:competitor:70822,"Morisaki, Kanako",Japan,MOR
WTA,2025,2,women,262,3,291,18,sr:competitor:343066,"Hosogi, Sakura",Japan,HOS
WTA,2025,2,women,263,3,290,5,sr:competitor:366114,"Avanesyan, Elina",Armenia,AVA
WTA,2025,2,women,264,-31,289,10,sr:competitor:87078,"Hourigan, Paige Mary",New Zealand,HOU
WTA,2025,2,women,265,-29,286,10,sr:competitor:627278,"Eala, Alexandra",Philippines,EAL
WTA,2025,2,women,266,3,286,29,sr:competitor:409673,"Zelnickova, Radka",Slovakia,ZEL
WTA,2025,2,women,267,3,281,11,sr:competitor:110055,"Bronzetti, Lucia",Italy,BRO
WTA,2025,2,women,268,3,279,17,sr:competitor:132412,"Fita Boluda, Angela",Spain,FIT
WTA,2025,2,women,269,3,279,20,sr:competitor:496316,"Gimbrere, Jasmijn",Netherlands,GIM
WTA,2025,2,women,270,-32,278,8,sr:competitor:202363,"Sun, Lulu",New Zealand,SUN
WTA,2025,2,women,271,2,278,20,sr:competitor:567285,"Hietaranta, Laura",Finland,HIE
WTA,2025,2,women,272,2,278,21,sr:competitor:86894,"Shinde, Vasanti",India,SHI
WTA,2025,2,women,273,2,274,18,sr:competitor:355958,"Visscher, Stephanie Judith",Netherlands,VIS
WTA,2025,2,women,274,2,272,4,sr:competitor:845268,"Korneeva, Alina",Neutral,KOR
WTA,2025,2,women,275,2,271,14,sr:competitor:194572,"Dartron, Emeline",France,DAR
WTA,2025,2,women,276,138,270,3,sr:competitor:45915,"Yang, Zhaoxuan",China,YAN
WTA,2025,2,women,277,1,270,4,sr:competitor:62924,"Boulter, Katie",Great Britain,BOU
WTA,2025,2,women,278,1,270,23,sr:competitor:46650,"Kolb, Nadia",Ukraine,KOL
WTA,2025,2,women,278,1,270,23,sr:competitor:67194,"Kolb, Maryna",Ukraine,KOL
WTA,2025,2,women,280,1,270,25,sr:competitor:233266,"Ovcharenko, Ekaterina",Neutral,OVC
WTA,2025,2,women,281,1,268,15,sr:competitor:292540,"Matsuda, Misaki",Japan,MAT
WTA,2025,2,women,282,1,267,4,sr:competitor:75825,"Bektas, Emina",USA,BEK
WTA,2025,2,women,283,1,267,19,sr:competitor:104929,"Tona, Miriana",Italy,TON
WTA,2025,2,women,284,3,265,8,sr:competitor:69988,"Korpatsch, Tamara",Germany,KOR
WTA,2025,2,women,285,3,265,8,sr:competitor:755469,"Todoni, Anca Alexia",Romania,TOD
WTA,2025,2,women,286,3,265,18,sr:competitor:673491,"Szabo, Briana",Romania,SZA
WTA,2025,2,women,287,3,264,18,sr:competitor:343294,"Kubanova, Karolina",Czechia,KUB
WTA,2025,2,women,289,-3,263,25,sr:competitor:290994,"Wong, Hong Yi Cody","Hong Kong, China",WON
WTA,2025,2,women,290,2,262,23,sr:competitor:122668,"Daniel, Jaeda",USA,DAN
WTA,2025,2,women,291,2,261,10,sr:competitor:812502,"Xu, Mingge",Great Britain,MIN
WTA,2025,2,women,292,2,258,17,sr:competitor:51315,"Anderson, Robin",USA,AND
WTA,2025,2,women,293,2,258,17,sr:competitor:198498,"Hutchinson, Holly",Great Britain,HUT
WTA,2025,2,women,294,2,256,7,sr:competitor:115507,"Bolsova, Aliona",Spain,BOL
WTA,2025,2,women,295,2,256,15,sr:competitor:142942,"Bozovic, Alexandra",Australia,BOZ
WTA,2025,2,women,296,2,256,24,sr:competitor:870981,"Li, Yu-Yun",Chinese Taipei,YU-
WTA,2025,2,women,297,2,255,14,sr:competitor:278943,"Lansere, Sofya",Neutral,LAN
WTA,2025,2,women,298,2,254,12,sr:competitor:517274,"Rajecki, Amelia",Great Britain,RAJ
WTA,2025,2,women,299,2,253,20,sr:competitor:202795,"Vismane, Daniela",Latvia,VIS
WTA,2025,2,women,300,-71,251,12,sr:competitor:63220,"Ponchet, Jessika",France,PON
WTA,2025,2,women,301,1,251,23,sr:competitor:395740,"Bhamidipaty, Shrivalli Rashmikaa",India,BHA
WTA,2025,2,women,302,1,250,1,sr:competitor:242602,"McNally, Catherine",USA,MCC
WTA,2025,2,women,303,1,249,8,sr:competitor:41737,"Jang, Su Jeong",Republic of Korea,JAN
WTA,2025,2,women,304,1,248,12,sr:competitor:48486,"Gorgodze, Ekaterine",Georgia,GOR
WTA,2025,2,women,305,1,246,10,sr:competitor:337813,"Riera, Julia",Argentina,RIE
WTA,2025,2,women,306,60,242,32,sr:competitor:315663,"Barry, Monique",New Zealand,BAR
WTA,2025,2,women,307,0,242,17,sr:competitor:510530,"Abe, Hiromi",Japan,ABE
WTA,2025,2,women,308,0,242,25,sr:competitor:447703,"Sato, Hikaru",Japan,SAT
WTA,2025,2,women,309,1,241,11,sr:competitor:54397,"Tig, Patricia Maria",Romania,TIG
WTA,2025,2,women,310,-1,240,9,sr:competitor:165866,"Miyazaki, Yuriko Lily",Great Britain,MIY
WTA,2025,2,women,311,0,238,13,sr:competitor:45900,"Marozava, Lidziya",Neutral,MAR
WTA,2025,2,women,312,0,238,13,sr:competitor:226092,"Shimizu, Eri",Japan,SHI
WTA,2025,2,women,313,0,236,5,sr:competitor:225130,"Starodubtseva, Yuliia",Ukraine,STA
WTA,2025,2,women,314,0,236,14,sr:competitor:145930,"Hayashi, Erina",Japan,HAY
WTA,2025,2,women,315,0,235,9,sr:competitor:319349,"Rouvroy, Margaux",France,ROU
WTA,2025,2,women,316,1,232,12,sr:competitor:106341,"Knutson, Gabriela",Czechia,KNU
WTA,2025,2,women,317,1,232,16,sr:competitor:46273,"Dinu, Cristina",Romania,DIN
WTA,2025,2,women,318,1,231,7,sr:competitor:51477,"Mitu, Andreea",Romania,MIT
WTA,2025,2,women,319,2,229,13,sr:competitor:120664,"Pedretti, Thaisa Grana",Brazil,PED
WTA,2025,2,women,320,2,229,18,sr:competitor:445209,"Xiao, Zhenghua",China,XIA
WTA,2025,2,women,321,-153,228,15,sr:competitor:129534,"Hruncakova, Viktoria",Slovakia,HRU
WTA,2025,2,women,322,1,228,24,sr:competitor:154806,"Laskutova, Ksenia",Russia,LAS
WTA,2025,2,women,323,1,227,16,sr:competitor:285629,"Hindova, Denisa",Czechia,HIN
WTA,2025,2,women,324,1,227,17,sr:competitor:138654,"Duerst, Jenny",Switzerland,DUE
WTA,2025,2,women,325,1,225,4,sr:competitor:153860,"Trevisan, Martina",Italy,TRE
WTA,2025,2,women,326,1,225,23,sr:competitor:70970,"Bhatia, Riya",India,BHA
WTA,2025,2,women,327,1,224,20,sr:competitor:209716,"Mansouri, Yasmine",France,MAN
WTA,2025,2,women,328,-12,224,23,sr:competitor:37638,"Sema, Erika",Japan,SEM
WTA,2025,2,women,329,1,223,21,sr:competitor:61922,"Drazic, Mariana",Croatia,DRA
WTA,2025,2,women,330,1,223,24,sr:competitor:63238,"Morderger, Yana",Germany,MOR
WTA,2025,2,women,331,1,222,14,sr:competitor:49963,"Omae, Akiko",Japan,OMA
WTA,2025,2,women,332,1,221,13,sr:competitor:337811,"Ortenzi, Jazmin",Argentina,ORT
WTA,2025,2,women,333,1,221,17,sr:competitor:217036,"Malygina, Elena",Estonia,MAL
WTA,2025,2,women,334,1,220,16,sr:competitor:223862,"Laboutkova, Aneta",Czechia,LAB
WTA,2025,2,women,335,1,220,14,sr:competitor:213140,"Lene, Emma",France,LEN
WTA,2025,2,women,336,1,220,21,sr:competitor:282057,"Guo, Meiqi",China,GUO
WTA,2025,2,women,337,1,220,21,sr:competitor:345134,"Lee, Ya-Hsin",Chinese Taipei,LEE
WTA,2025,2,women,338,1,219,7,sr:competitor:137962,"Day, Kayla",USA,DAY
WTA,2025,2,women,339,1,219,18,sr:competitor:132988,"MA, Yexin",China,YEX
WTA,2025,2,women,340,1,219,16,sr:competitor:936009,"van Emst, Sarah",Netherlands,VAN
WTA,2025,2,women,341,1,219,22,sr:competitor:25822,"Shapatava, Sofia",Georgia,SHA
WTA,2025,2,women,342,1,218,27,sr:competitor:153744,"Pereira, Rebeca",Brazil,PER
WTA,2025,2,women,343,1,218,18,sr:competitor:513582,"Chaudhari, Vaidehi",India,CHA
WTA,2025,2,women,344,2,216,16,sr:competitor:731427,"Micic, Elena",Australia,MIC
WTA,2025,2,women,345,2,215,11,sr:competitor:467037,"Kudermetova, Polina",Neutral,KUD
WTA,2025,2,women,346,2,215,11,sr:competitor:896765,"Ishii, Sayaka",Japan,ISH
WTA,2025,2,women,347,2,215,19,sr:competitor:280989,"Kawamura, Mana",Japan,KAW
WTA,2025,2,women,348,2,215,22,sr:competitor:289093,"Belgraver, Julie",France,BEL
WTA,2025,2,women,349,2,215,26,sr:competitor:213144,"Lemaitre, Tiphanie",France,LEM
WTA,2025,2,women,350,2,214,20,sr:competitor:849533,"Lin, Fang An",Chinese Taipei,LIN
WTA,2025,2,women,351,32,211,11,sr:competitor:406199,"Jacquemot, Elsa",France,JAC
WTA,2025,2,women,352,1,211,13,sr:competitor:190870,"Collins, Ali",Great Britain,COL
WTA,2025,2,women,353,1,209,11,sr:competitor:105063,"Gavrila, Oana",Romania,GAV
WTA,2025,2,women,354,1,209,12,sr:competitor:1020177,"Huang, Yujia",China,HUA
WTA,2025,2,women,355,1,209,24,sr:competitor:47876,"Shinikova, Isabella",Bulgaria,SHI
WTA,2025,2,women,356,1,208,19,sr:competitor:254553,"Nagy, Adrienn",Hungary,NAG
WTA,2025,2,women,357,-101,207,6,sr:competitor:210716,"Lamens, Suzan",Netherlands,LAM
WTA,2025,2,women,358,0,207,8,sr:competitor:534045,"Gibson, Talia",Australia,GIB
WTA,2025,2,women,359,0,204,12,sr:competitor:329009,"Ryser, Valentina",Switzerland,RYS
WTA,2025,2,women,360,0,204,12,sr:competitor:588449,"Laskevich, Evialina",Neutral,LAS
WTA,2025,2,women,361,0,202,2,sr:competitor:341112,"Zakharova, Anastasia",Neutral,ZAK
WTA,2025,2,women,362,0,202,11,sr:competitor:403329,"Toth, Amarissa Kiara",Hungary,TOT
WTA,2025,2,women,363,0,202,11,sr:competitor:234398,"Nahimana, Sada",Burundi,NAH
WTA,2025,2,women,364,0,202,14,sr:competitor:813490,"Hobgarski, Katharina",Germany,HOB
WTA,2025,2,women,365,0,201,9,sr:competitor:586739,"Ambrosio, Silvia",Italy,AMB
WTA,2025,2,women,366,1,199,15,sr:competitor:906635,"Shubladze, Alexandra",Neutral,SHU
WTA,2025,2,women,367,1,199,21,sr:competitor:565020,"Maklakova, Ekaterina",Neutral,MAK
WTA,2025,2,women,368,1,199,25,sr:competitor:810694,"Okuwaki, Rinon",Japan,OKU
WTA,2025,2,women,369,2,192,16,sr:competitor:624838,"Shi, Han",China,SHI
WTA,2025,2,women,370,2,192,19,sr:competitor:745799,"Urgesi, Federica",Italy,URG
WTA,2025,2,women,371,2,191,12,sr:competitor:496378,"Yamazaki, Ikumi",Japan,YAM
WTA,2025,2,women,372,2,191,24,sr:competitor:54983,"Morderger, Tayisiya",Germany,MOR
WTA,2025,2,women,373,2,191,28,sr:competitor:99775,"Saigo, Yukina",Japan,SAI
WTA,2025,2,women,374,3,189,14,sr:competitor:280635,"Schmidt, Antonia",Germany,SCH
WTA,2025,2,women,375,3,188,32,sr:competitor:59662,"Sanchez, Ana Sofia",Mexico,SAN
WTA,2025,2,women,376,3,187,20,sr:competitor:182056,"Robbe, Alice",France,ROB
WTA,2025,2,women,377,3,186,5,sr:competitor:499484,"Montgomery, Robin",USA,MON
WTA,2025,2,women,378,-93,186,18,sr:competitor:119496,"McPhee, Kaylah",Australia,MCP
WTA,2025,2,women,379,2,186,18,sr:competitor:42864,"Lizarazo, Yuliana",Colombia,LIZ
WTA,2025,2,women,380,2,186,12,sr:competitor:843378,"Perez Alarcon, Lucciana",Peru,PER
WTA,2025,2,women,381,3,185,24,sr:competitor:750329,"Candiotto, Ana",Brazil,CAN
WTA,2025,2,women,382,3,184,2,sr:competitor:42459,"Rogers, Shelby",USA,ROG
WTA,2025,2,women,383,-225,183,8,sr:competitor:110803,"Minnen, Greet",Belgium,MIN
WTA,2025,2,women,384,2,183,15,sr:competitor:164852,"Okalova, Martina",Slovakia,OKA
WTA,2025,2,women,385,2,183,13,sr:competitor:750327,"Iatcenko, Polina",Neutral,IAT
WTA,2025,2,women,386,2,182,25,sr:competitor:158636,"Prisacariu, Andreea",Romania,PRI
WTA,2025,2,women,387,2,181,5,sr:competitor:245295,"Waltert, Simona",Switzerland,WAL
WTA,2025,2,women,388,2,181,18,sr:competitor:283483,"Kozaki, Funa",Japan,KOZ
WTA,2025,2,women,389,2,179,6,sr:competitor:41355,"Bogdan, Ana",Romania,BOG
WTA,2025,2,women,390,2,179,7,sr:competitor:60276,"Podoroska, Nadia",Argentina,POD
WTA,2025,2,women,391,2,179,26,sr:competitor:20158,"Webley-Smith, Emily",Great Britain,WEB
WTA,2025,2,women,392,2,177,22,sr:competitor:152762,"Kuczer, Daria",Poland,KUC
WTA,2025,2,women,393,2,176,11,sr:competitor:960043,"Zolotareva, Rada",Neutral,ZOL
WTA,2025,2,women,394,2,175,22,sr:competitor:435794,"Zolotareva, Anastasia",Neutral,ZOL
WTA,2025,2,women,395,4,175,24,sr:competitor:206957,"Nagata, Anri",Japan,NAG
WTA,2025,2,women,396,1,174,16,sr:competitor:348196,"Amariei, Ilinca Dalina",Romania,AMA
WTA,2025,2,women,397,1,174,9,sr:competitor:812476,"Zaytseva, Ksenia",Neutral,ZAY
WTA,2025,2,women,398,2,172,5,sr:competitor:728549,"Valentova, Tereza",Czechia,VAL
WTA,2025,2,women,399,2,172,21,sr:competitor:741607,"Simunyu, Celine",Ireland,SIM
WTA,2025,2,women,400,2,172,23,sr:competitor:66516,"Ayukawa, Mana",Japan,AYU
WTA,2025,2,women,401,2,171,4,sr:competitor:48455,"Golubic, Viktorija",Switzerland,GOL
WTA,2025,2,women,402,11,171,19,sr:competitor:330689,"Kovapitukted, Punnin",Thailand,KOV
WTA,2025,2,women,403,1,170,9,sr:competitor:202623,"Zavatska, Katarina",Ukraine,ZAV
WTA,2025,2,women,404,1,170,17,sr:competitor:1020859,"Pawlikowska,  Zuzanna",Poland,PAW
WTA,2025,2,women,405,1,168,16,sr:competitor:299258,"Bartone, Kamilla",Latvia,BAR
WTA,2025,2,women,406,1,166,13,sr:competitor:196664,"Shalimova, Ekaterina",Neutral,SHA
WTA,2025,2,women,407,1,166,24,sr:competitor:72634,"Ozeki, Michika",Japan,OZE
WTA,2025,2,women,408,1,166,34,sr:competitor:341238,"Boehner, Laura",Germany,BOE
WTA,2025,2,women,409,1,165,3,sr:competitor:18588,"Safarova, Lucie",Czechia,SAF
WTA,2025,2,women,410,2,165,9,sr:competitor:720625,"Radivojevic, Lola",Serbia,RAD
WTA,2025,2,women,411,0,163,7,sr:competitor:264117,"Bolton, Elysia",Australia,BOL
WTA,2025,2,women,412,3,162,5,sr:competitor:47948,"Rosolska, Alicja",Poland,ROS
WTA,2025,2,women,413,3,162,13,sr:competitor:43196,"Dzalamidze, Natela",Georgia,DZA
WTA,2025,2,women,414,-193,161,5,sr:competitor:40994,"Saville, Daria",Australia,SAV
WTA,2025,2,women,415,2,160,8,sr:competitor:41374,"Tomova, Viktoriya",Bulgaria,TOM
WTA,2025,2,women,416,2,160,29,sr:competitor:78785,"Rodriguez, Victoria",Mexico,ROD
WTA,2025,2,women,417,2,160,20,sr:competitor:782216,"Drugdova, Salma",Slovakia,DRU
WTA,2025,2,women,418,2,159,5,sr:competitor:19876,"Wickmayer, Yanina",Belgium,WIC
WTA,2025,2,women,419,147,159,7,sr:competitor:261583,"Li, Ann",USA,ANN
WTA,2025,2,women,420,1,159,28,sr:competitor:80723,"Herazo Gonzalez, Maria Fernanda",Colombia,HER
WTA,2025,2,women,421,1,159,8,sr:competitor:153748,"Jones, Makenna",USA,JON
WTA,2025,2,women,422,1,159,10,sr:competitor:98523,"Ye, Qiu Yu",China,QIU
WTA,2025,2,women,423,1,159,18,sr:competitor:389048,"Weckerle, Marie",Luxembourg,WEC
WTA,2025,2,women,424,1,158,26,sr:competitor:171354,"Romero, Camila",Ecuador,ROM
WTA,2025,2,women,425,1,158,29,sr:competitor:201105,"Yuan, Chengyiyi",China,YUA
WTA,2025,2,women,426,1,157,12,sr:competitor:52388,"Hesse, Amandine",France,HES
WTA,2025,2,women,427,1,157,14,sr:competitor:64606,"Cabaj Awad, Jacqueline",Sweden,CAB
WTA,2025,2,women,428,1,156,12,sr:competitor:655811,"Avdeeva, Julia",Neutral,AVD
WTA,2025,2,women,429,1,156,19,sr:competitor:827440,"Fedorova, Aglaya",Neutral,FED
WTA,2025,2,women,430,1,155,14,sr:competitor:436690,"Tkacheva, Mariia",Neutral,TKA
WTA,2025,2,women,431,1,155,12,sr:competitor:282219,"Sakatsume, Himeno",Japan,SAK
WTA,2025,2,women,432,1,155,15,sr:competitor:677411,"Barrera Aguirre, Isabella",USA,BAR
WTA,2025,2,women,433,1,153,6,sr:competitor:134532,"You, Xiaodi",China,YOU
WTA,2025,2,women,434,1,153,22,sr:competitor:873729,"Bojica, Stefania",Romania,BOJ
WTA,2025,2,women,435,1,152,5,sr:competitor:34486,"Tomljanovic, Ajla",Australia,TOM
WTA,2025,2,women,436,1,152,20,sr:competitor:315623,"Wang, Jiaqi",China,WAN
WTA,2025,2,women,437,1,152,6,sr:competitor:49358,"Pattinama Kerkhove, Lesley",Netherlands,PAK
WTA,2025,2,women,438,1,152,21,sr:competitor:98105,"Matoula, Martha",Greece,MAT
WTA,2025,2,women,439,1,151,12,sr:competitor:58423,"Stevanovic, Natalija",Serbia,STE
WTA,2025,2,women,440,1,151,18,sr:competitor:78431,"Lodikova, Daria",Neutral,LOD
WTA,2025,2,women,441,1,151,12,sr:competitor:119664,"Smith, Alicia",Australia,SMI
WTA,2025,2,women,442,1,151,13,sr:competitor:842594,"Li, Zongyu",China,ZON
WTA,2025,2,women,443,1,150,22,sr:competitor:569009,"Ccuno, Romina",Peru,CCU
WTA,2025,2,women,444,1,150,14,sr:competitor:221510,"Chiesa, Enola",Italy,CHI
WTA,2025,2,women,445,1,150,20,sr:competitor:766176,"Di Girolami, Tilwith",Belgium,DI
WTA,2025,2,women,446,-126,149,9,sr:competitor:58053,"Sharma, Astra",Australia,SHA
WTA,2025,2,women,447,1,148,27,sr:competitor:185412,"Labrana, Fernanda",Chile,LAB
WTA,2025,2,women,448,1,148,12,sr:competitor:840734,"Walker, Brandy",USA,WAL
WTA,2025,2,women,449,72,147,15,sr:competitor:310982,"Naklo, Thasaporn",Thailand,NAK
WTA,2025,2,women,450,0,147,16,sr:competitor:133080,"Hinojosa Gomez, Jessica",Mexico,HIN
WTA,2025,2,women,451,0,147,4,sr:competitor:153736,"Glushko, Lina",Israel,GLU
WTA,2025,2,women,452,0,147,19,sr:competitor:511932,"Kovaleva, Anastasia",Neutral,KOV
WTA,2025,2,women,453,0,146,5,sr:competitor:535801,"Schunk, Nastasja",Germany,SCH
WTA,2025,2,women,454,1,146,9,sr:competitor:103375,"Serban, Raluca Georgiana",Cyprus,SER
WTA,2025,2,women,455,-1,145,21,sr:competitor:831262,"Yamalapalli, Sahaja",India,YAM
WTA,2025,2,women,456,0,145,21,sr:competitor:371556,"Jeong, Boyoung",Republic of Korea,JEO
WTA,2025,2,women,457,2,144,6,sr:competitor:517296,"Falei, Aliona",Neutral,FAL
WTA,2025,2,women,458,-1,144,14,sr:competitor:262023,"Wang, Meiling",China,WAN
WTA,2025,2,women,459,-1,144,7,sr:competitor:54171,"Benoit, Marie",Belgium,BEN
WTA,2025,2,women,460,0,143,17,sr:competitor:246945,"Da Silva Fick, Gabriella",Australia,DA
WTA,2025,2,women,461,0,143,22,sr:competitor:171026,"Tsygourova, Katerina",Switzerland,TSY
WTA,2025,2,women,462,0,142,12,sr:competitor:1027517,"Ebeling Koning, Loes",Netherlands,EBE
WTA,2025,2,women,463,0,142,14,sr:competitor:838900,"Bowers, Ashton",USA,BOW
WTA,2025,2,women,464,0,142,17,sr:competitor:341196,"Back, Dayeon",Republic of Korea,BAC
WTA,2025,2,women,465,0,141,3,sr:competitor:19704,"Martic, Petra",Croatia,MAR
WTA,2025,2,women,466,0,141,7,sr:competitor:71730,"Kulikov, Angela",USA,KUL
WTA,2025,2,women,467,0,141,19,sr:competitor:380368,"Sebestova, Ivana",Czechia,SEB
WTA,2025,2,women,468,0,140,2,sr:competitor:124804,"Masarova, Rebeka",Switzerland,MAS
WTA,2025,2,women,469,0,140,16,sr:competitor:88290,"Bejenaru, Karola Patricia",Romania,BEJ
WTA,2025,2,women,470,0,140,19,sr:competitor:522848,"Rocchetti, Sofia",Italy,ROC
WTA,2025,2,women,471,0,139,15,sr:competitor:230108,"McGiffin, Tenika",Australia,MCG
WTA,2025,2,women,472,0,138,17,sr:competitor:522258,"Ricci, Beatrice",Italy,RIC
WTA,2025,2,women,473,0,138,9,sr:competitor:880229,"Cayetano, Eryn",USA,CAY
WTA,2025,2,women,474,0,138,14,sr:competitor:583869,"Pavlou, Dimitra",Greece,PAV
WTA,2025,2,women,475,0,138,15,sr:competitor:130624,"Gasanova, Anastasia",Neutral,GAS
WTA,2025,2,women,476,0,137,23,sr:competitor:111149,"Samir, Sandra",Egypt,SAM
WTA,2025,2,women,477,67,136,3,sr:competitor:595220,"Stakusic, Marina",Canada,STA
WTA,2025,2,women,478,-1,136,11,sr:competitor:158690,"Vasilescu, Arina Gabriela",Romania,VAS
WTA,2025,2,women,479,-1,136,16,sr:competitor:476218,"Kawaguchi, Natsumi",Japan,KAW
WTA,2025,2,women,480,-1,135,6,sr:competitor:779706,"Hovde, Liv",USA,HOV
WTA,2025,2,women,481,-1,135,13,sr:competitor:739667,"Pedone, Giorgia",Italy,PED
WTA,2025,2,women,482,-1,135,10,sr:competitor:342788,"Curmi, Francesca",Malta,CUR
WTA,2025,2,women,483,-1,135,23,sr:competitor:291008,"Aikawa, Mayuka",Japan,AIK
WTA,2025,2,women,484,-1,133,22,sr:competitor:265743,"Burdina, Evgeniya",Neutral,BUR
WTA,2025,2,women,485,-1,132,8,sr:competitor:46661,"Gamiz, Andrea",Venezuela,GAM
WTA,2025,2,women,486,-1,131,9,sr:competitor:380396,"Kalieva, Elvina",USA,KAL
WTA,2025,2,women,487,-1,131,13,sr:competitor:915371,"van Den Broek, Isis Louise",Netherlands,VAN
WTA,2025,2,women,488,536,130,6,sr:competitor:329535,"Tauson, Clara",Denmark,TAU
WTA,2025,2,women,489,-2,130,11,sr:competitor:784280,"Prozorova, Tatiana",Neutral,PRO
WTA,2025,2,women,490,-2,130,16,sr:competitor:751899,"Brace, Cadence",Canada,BRA
WTA,2025,2,women,491,-2,130,20,sr:competitor:96981,"Xun, Fang Ying",China,XUN
WTA,2025,2,women,492,-2,129,4,sr:competitor:46651,"Melnikova, Marina",Neutral,MEL
WTA,2025,2,women,493,-2,129,14,sr:competitor:675193,"Costoulas, Sofia",Belgium,COS
WTA,2025,2,women,494,-2,129,15,sr:competitor:827398,"Stankovic, Anja",Serbia,STA
WTA,2025,2,women,495,200,128,4,sr:competitor:343160,"Volynets, Katie",USA,VOL
WTA,2025,2,women,496,-3,128,9,sr:competitor:686597,"Pavlova, Kira",Neutral,PAV
WTA,2025,2,women,497,-3,128,10,sr:competitor:833330,"Grechkina, Anastasia",Neutral,GRE
WTA,2025,2,women,498,-3,127,20,sr:competitor:447759,"Katsumi, Nanari",Japan,KAT
WTA,2025,2,women,500,-3,126,4,sr:competitor:39425,"Savinykh, Valeria",Neutral,SAV
WTA,2025,2,women,501,-3,126,26,sr:competitor:69964,"Estable, Julieta",Argentina,EST
WTA,2025,2,women,502,-2,126,9,sr:competitor:18350,"Voracova, Renata",Czechia,VOR
